transaction id,timestamp,transaction type,merchant_category,amount (INR),transaction_status,sender_state,sender_bank,receiver_bank,device_type,network_type,hour_of_day,day_of_week,is_weekend
TXN0000000001,08-10-2024 15:17,P2P,Entertainment,868,SUCCESS,Delhi,Axis,SBI,Android,4G,15,Tuesday,0
TXN0000000002,11-04-2024 06:56,P2M,Grocery,1011,SUCCESS,Uttar Pradesh,ICICI,Axis,iOS,4G,6,Thursday,0
TXN0000000003,02-04-2024 13:27,P2P,Grocery,477,SUCCESS,Karnataka,Yes Bank,PNB,Android,4G,13,Tuesday,0
TXN0000000004,07-01-2024 10:09,P2P,Fuel,2784,SUCCESS,Delhi,ICICI,PNB,Android,5G,10,Sunday,1
TXN0000000005,23-01-2024 19:04,P2P,Shopping,990,SUCCESS,Delhi,Axis,Yes Bank,iOS,WiFi,19,Tuesday,0
TXN0000000006,07-10-2024 22:32,P2P,Food,91,SUCCESS,Karnataka,IndusInd,Yes Bank,Android,3G,22,Monday,0
TXN0000000007,08-02-2024 10:25,P2P,Other,314,SUCCESS,Telangana,HDFC,IndusInd,Android,4G,10,Thursday,0
TXN0000000008,27-10-2024 18:47,P2P,Utilities,264,SUCCESS,Maharashtra,Yes Bank,SBI,Android,5G,18,Sunday,1
TXN0000000009,21-11-2024 09:39,P2P,Other,887,SUCCESS,Maharashtra,Kotak,HDFC,Android,4G,9,Thursday,0
TXN0000000010,11-11-2024 15:58,P2M,Grocery,3260,SUCCESS,Delhi,SBI,HDFC,Android,4G,15,Monday,0
TXN0000000011,07-04-2024 20:14,P2P,Food,587,SUCCESS,Karnataka,SBI,SBI,Android,4G,20,Sunday,1
TXN0000000012,24-12-2024 10:44,P2M,Other,518,SUCCESS,Gujarat,Yes Bank,SBI,Android,4G,10,Tuesday,0
TXN0000000013,16-11-2024 20:09,P2P,Transport,73,SUCCESS,Uttar Pradesh,Axis,Kotak,Android,4G,20,Saturday,1
TXN0000000014,10-04-2024 00:51,Bill Payment,Grocery,430,SUCCESS,Gujarat,Yes Bank,Yes Bank,Android,4G,0,Wednesday,0
TXN0000000015,03-02-2024 12:35,P2P,Transport,544,SUCCESS,Uttar Pradesh,IndusInd,Axis,Android,5G,12,Saturday,1
TXN0000000016,09-11-2024 15:21,P2M,Grocery,1346,SUCCESS,Rajasthan,SBI,SBI,Android,5G,15,Saturday,1
TXN0000000017,25-01-2024 07:27,P2P,Food,171,SUCCESS,Delhi,HDFC,SBI,Android,5G,7,Thursday,0
TXN0000000018,19-05-2024 18:38,P2M,Healthcare,189,SUCCESS,Gujarat,SBI,PNB,iOS,5G,18,Sunday,1
TXN0000000019,11-11-2024 22:08,P2P,Healthcare,799,SUCCESS,Karnataka,ICICI,SBI,Android,4G,22,Monday,0
TXN0000000020,13-06-2024 18:25,P2P,Utilities,450,SUCCESS,Tamil Nadu,Yes Bank,IndusInd,iOS,WiFi,18,Thursday,0
TXN0000000021,19-05-2024 10:41,Bill Payment,Food,1341,SUCCESS,Karnataka,SBI,ICICI,Android,WiFi,10,Sunday,1
TXN0000000022,02-11-2024 17:13,Recharge,Entertainment,280,SUCCESS,Maharashtra,SBI,PNB,Android,4G,17,Saturday,1
TXN0000000023,18-10-2024 04:35,P2P,Shopping,397,SUCCESS,Delhi,Axis,SBI,Android,5G,4,Friday,0
TXN0000000024,21-01-2024 07:57,P2M,Grocery,1847,SUCCESS,Gujarat,HDFC,Yes Bank,Android,5G,7,Sunday,1
TXN0000000025,24-01-2024 10:43,Bill Payment,Grocery,690,SUCCESS,Tamil Nadu,Yes Bank,PNB,iOS,5G,10,Wednesday,0
TXN0000000026,01-07-2024 12:01,Bill Payment,Entertainment,218,SUCCESS,Karnataka,Axis,Yes Bank,Android,4G,12,Monday,0
TXN0000000027,28-08-2024 21:10,P2P,Food,1276,SUCCESS,Karnataka,Kotak,HDFC,Android,5G,21,Wednesday,0
TXN0000000028,09-11-2024 18:49,P2P,Grocery,146,SUCCESS,Delhi,PNB,HDFC,iOS,4G,18,Saturday,1
TXN0000000029,09-09-2024 15:24,P2P,Grocery,1755,SUCCESS,Delhi,SBI,IndusInd,Web,WiFi,15,Monday,0
TXN0000000030,18-10-2024 17:43,Bill Payment,Transport,165,SUCCESS,Rajasthan,SBI,SBI,Android,4G,17,Friday,0
TXN0000000031,20-12-2024 16:15,P2P,Healthcare,1495,SUCCESS,Gujarat,SBI,HDFC,Android,4G,16,Friday,0
TXN0000000032,17-12-2024 16:45,P2P,Grocery,394,SUCCESS,Gujarat,Yes Bank,SBI,Android,5G,16,Tuesday,0
TXN0000000033,11-05-2024 16:47,Recharge,Shopping,1693,SUCCESS,Telangana,SBI,IndusInd,Android,5G,16,Saturday,1
TXN0000000034,25-05-2024 13:30,P2M,Food,144,SUCCESS,Maharashtra,PNB,PNB,Android,WiFi,13,Saturday,1
TXN0000000035,23-02-2024 07:27,P2M,Fuel,1804,SUCCESS,Telangana,Axis,SBI,Android,4G,7,Friday,0
TXN0000000036,19-04-2024 22:12,P2P,Fuel,721,SUCCESS,Gujarat,HDFC,ICICI,Android,3G,22,Friday,0
TXN0000000037,26-07-2024 17:09,P2M,Shopping,7987,SUCCESS,Maharashtra,IndusInd,IndusInd,Android,4G,17,Friday,0
TXN0000000038,16-08-2024 21:26,Bill Payment,Shopping,5154,SUCCESS,Uttar Pradesh,ICICI,SBI,Web,5G,21,Friday,0
TXN0000000039,23-07-2024 17:02,P2P,Entertainment,131,SUCCESS,West Bengal,Yes Bank,SBI,Web,5G,17,Tuesday,0
TXN0000000040,27-02-2024 01:43,P2M,Healthcare,192,SUCCESS,Karnataka,SBI,SBI,Android,5G,1,Tuesday,0
TXN0000000041,24-01-2024 10:28,Recharge,Food,82,SUCCESS,Gujarat,HDFC,SBI,Android,5G,10,Wednesday,0
TXN0000000042,29-10-2024 12:54,P2M,Shopping,4309,SUCCESS,Maharashtra,Kotak,HDFC,Android,4G,12,Tuesday,0
TXN0000000043,18-01-2024 13:49,P2P,Utilities,2338,SUCCESS,Gujarat,Axis,SBI,Android,5G,13,Thursday,0
TXN0000000044,17-02-2024 14:03,P2M,Food,292,SUCCESS,Tamil Nadu,SBI,SBI,Android,4G,14,Saturday,1
TXN0000000045,08-09-2024 09:21,P2P,Grocery,765,SUCCESS,Maharashtra,SBI,Yes Bank,iOS,WiFi,9,Sunday,1
TXN0000000046,29-09-2024 21:04,P2P,Transport,51,SUCCESS,Uttar Pradesh,Axis,IndusInd,iOS,4G,21,Sunday,1
TXN0000000047,04-03-2024 09:35,Bill Payment,Food,144,SUCCESS,Delhi,Yes Bank,Axis,Android,WiFi,9,Monday,0
TXN0000000048,06-02-2024 17:19,P2P,Other,994,SUCCESS,Uttar Pradesh,PNB,SBI,Android,5G,17,Tuesday,0
TXN0000000049,25-05-2024 17:14,P2P,Shopping,2393,SUCCESS,Maharashtra,ICICI,ICICI,Android,5G,17,Saturday,1
TXN0000000050,29-02-2024 18:47,P2P,Other,864,SUCCESS,West Bengal,Yes Bank,SBI,Android,4G,18,Thursday,0
TXN0000000051,05-12-2024 18:42,P2P,Transport,36,SUCCESS,Gujarat,ICICI,IndusInd,Android,WiFi,18,Thursday,0
TXN0000000052,15-02-2024 10:52,P2M,Utilities,582,SUCCESS,Delhi,PNB,IndusInd,Android,4G,10,Thursday,0
TXN0000000053,31-08-2024 15:47,P2P,Other,364,SUCCESS,Gujarat,SBI,HDFC,iOS,4G,15,Saturday,1
TXN0000000054,11-01-2024 18:25,P2P,Other,203,SUCCESS,Delhi,SBI,IndusInd,Android,4G,18,Thursday,0
TXN0000000055,29-04-2024 18:29,P2M,Shopping,4987,SUCCESS,Karnataka,PNB,Yes Bank,iOS,4G,18,Monday,0
TXN0000000056,13-09-2024 10:41,P2P,Entertainment,213,SUCCESS,West Bengal,HDFC,Yes Bank,Android,4G,10,Friday,0
TXN0000000057,07-10-2024 05:43,P2M,Healthcare,1315,SUCCESS,West Bengal,HDFC,PNB,Android,4G,5,Monday,0
TXN0000000058,16-01-2024 21:57,P2P,Grocery,2685,SUCCESS,Gujarat,SBI,Kotak,Android,4G,21,Tuesday,0
TXN0000000059,21-11-2024 15:54,P2M,Entertainment,220,SUCCESS,Karnataka,PNB,ICICI,Android,4G,15,Thursday,0
TXN0000000060,14-10-2024 19:49,P2M,Fuel,1831,SUCCESS,Delhi,PNB,Kotak,iOS,5G,19,Monday,0
TXN0000000061,11-09-2024 20:20,P2P,Shopping,159,FAILED,Tamil Nadu,SBI,PNB,Android,5G,20,Wednesday,0
TXN0000000062,25-08-2024 15:26,P2P,Entertainment,475,SUCCESS,Karnataka,ICICI,HDFC,Android,4G,15,Sunday,1
TXN0000000063,15-03-2024 17:31,P2M,Food,351,SUCCESS,Uttar Pradesh,Yes Bank,ICICI,Android,5G,17,Friday,0
TXN0000000064,12-01-2024 08:34,P2P,Other,726,SUCCESS,Uttar Pradesh,SBI,PNB,Android,WiFi,8,Friday,0
TXN0000000065,29-04-2024 17:25,P2P,Food,386,SUCCESS,Uttar Pradesh,SBI,Yes Bank,Android,4G,17,Monday,0
TXN0000000066,29-04-2024 17:06,P2M,Food,55,SUCCESS,Rajasthan,ICICI,ICICI,iOS,4G,17,Monday,0
TXN0000000067,14-07-2024 05:33,P2M,Other,394,SUCCESS,Uttar Pradesh,SBI,ICICI,Android,4G,5,Sunday,1
TXN0000000068,14-08-2024 18:30,P2M,Shopping,221,FAILED,Delhi,HDFC,IndusInd,iOS,5G,18,Wednesday,0
TXN0000000069,06-11-2024 12:39,Bill Payment,Food,131,SUCCESS,Telangana,Axis,SBI,Android,4G,12,Wednesday,0
TXN0000000070,08-04-2024 12:29,P2M,Fuel,257,SUCCESS,Uttar Pradesh,PNB,Axis,Android,5G,12,Monday,0
TXN0000000071,14-12-2024 12:14,Bill Payment,Shopping,183,SUCCESS,Gujarat,PNB,Yes Bank,iOS,4G,12,Saturday,1
TXN0000000072,27-01-2024 08:43,P2P,Healthcare,1376,SUCCESS,Gujarat,IndusInd,Kotak,Android,4G,8,Saturday,1
TXN0000000073,10-03-2024 16:12,P2P,Other,760,SUCCESS,Maharashtra,SBI,SBI,Android,4G,16,Sunday,1
TXN0000000074,04-12-2024 18:27,Bill Payment,Utilities,2060,SUCCESS,Karnataka,Axis,ICICI,iOS,4G,18,Wednesday,0
TXN0000000075,29-08-2024 21:38,P2P,Food,929,SUCCESS,West Bengal,SBI,Yes Bank,iOS,4G,21,Thursday,0
TXN0000000076,19-05-2024 19:09,P2P,Transport,89,SUCCESS,Karnataka,PNB,Kotak,Android,5G,19,Sunday,1
TXN0000000077,16-12-2024 14:23,Bill Payment,Utilities,417,SUCCESS,Telangana,HDFC,SBI,Android,5G,14,Monday,0
TXN0000000078,04-09-2024 20:34,P2P,Utilities,1415,SUCCESS,Tamil Nadu,ICICI,SBI,Android,4G,20,Wednesday,0
TXN0000000079,18-09-2024 07:14,P2M,Education,588,SUCCESS,Rajasthan,Yes Bank,Axis,Android,4G,7,Wednesday,0
TXN0000000080,08-11-2024 20:26,P2M,Utilities,8335,SUCCESS,West Bengal,Axis,IndusInd,Web,4G,20,Friday,0
TXN0000000081,20-10-2024 13:14,Bill Payment,Utilities,4279,SUCCESS,Uttar Pradesh,PNB,SBI,Android,5G,13,Sunday,1
TXN0000000082,03-08-2024 13:15,P2M,Utilities,318,SUCCESS,Andhra Pradesh,PNB,Axis,Android,5G,13,Saturday,1
TXN0000000083,03-01-2024 10:03,P2M,Shopping,1496,SUCCESS,Uttar Pradesh,PNB,Kotak,Android,4G,10,Wednesday,0
TXN0000000084,04-11-2024 18:06,P2P,Utilities,924,SUCCESS,Karnataka,ICICI,ICICI,Android,4G,18,Monday,0
TXN0000000085,30-04-2024 19:43,P2P,Food,291,SUCCESS,Maharashtra,HDFC,ICICI,Web,4G,19,Tuesday,0
TXN0000000086,02-09-2024 18:42,Bill Payment,Grocery,665,SUCCESS,Maharashtra,Kotak,HDFC,iOS,4G,18,Monday,0
TXN0000000087,20-01-2024 11:01,P2P,Fuel,669,SUCCESS,Delhi,SBI,ICICI,iOS,3G,11,Saturday,1
TXN0000000088,27-09-2024 22:15,Recharge,Grocery,1855,SUCCESS,Tamil Nadu,IndusInd,ICICI,Android,4G,22,Friday,0
TXN0000000089,03-04-2024 12:09,P2M,Utilities,1015,SUCCESS,Uttar Pradesh,Axis,SBI,iOS,4G,12,Wednesday,0
TXN0000000090,01-08-2024 09:40,P2M,Other,188,SUCCESS,Gujarat,PNB,Kotak,Android,4G,9,Thursday,0
TXN0000000091,14-07-2024 12:18,P2P,Other,1702,SUCCESS,Telangana,SBI,SBI,Android,4G,12,Sunday,1
TXN0000000092,04-08-2024 10:24,Bill Payment,Food,1816,SUCCESS,Rajasthan,Kotak,SBI,Android,4G,10,Sunday,1
TXN0000000093,19-05-2024 18:03,P2P,Other,712,SUCCESS,Gujarat,SBI,PNB,Android,5G,18,Sunday,1
TXN0000000094,12-10-2024 20:55,P2M,Grocery,461,SUCCESS,Karnataka,SBI,IndusInd,Android,5G,20,Saturday,1
TXN0000000095,22-01-2024 16:45,P2P,Transport,224,SUCCESS,Gujarat,Axis,SBI,Android,5G,16,Monday,0
TXN0000000096,23-03-2024 22:12,P2P,Shopping,2202,SUCCESS,West Bengal,Axis,SBI,Android,4G,22,Saturday,1
TXN0000000097,19-02-2024 18:16,Bill Payment,Shopping,7821,SUCCESS,Rajasthan,Yes Bank,Kotak,Web,5G,18,Monday,0
TXN0000000098,14-04-2024 20:11,P2M,Shopping,2135,SUCCESS,Maharashtra,ICICI,HDFC,Android,4G,20,Sunday,1
TXN0000000099,16-07-2024 12:59,P2P,Utilities,2776,SUCCESS,Telangana,IndusInd,SBI,Android,3G,12,Tuesday,0
TXN0000000100,24-10-2024 16:39,P2M,Grocery,543,SUCCESS,Karnataka,HDFC,Axis,Android,4G,16,Thursday,0
TXN0000000101,09-12-2024 19:55,P2P,Food,215,SUCCESS,Karnataka,ICICI,Kotak,Android,4G,19,Monday,0
TXN0000000102,19-02-2024 18:16,P2M,Education,8754,SUCCESS,West Bengal,ICICI,PNB,Android,4G,18,Monday,0
TXN0000000103,25-08-2024 06:09,Bill Payment,Grocery,561,SUCCESS,Andhra Pradesh,ICICI,Axis,Android,4G,6,Sunday,1
TXN0000000104,16-09-2024 18:23,P2P,Other,147,SUCCESS,West Bengal,SBI,ICICI,Android,4G,18,Monday,0
TXN0000000105,09-06-2024 20:44,Bill Payment,Other,661,SUCCESS,West Bengal,Yes Bank,Kotak,iOS,4G,20,Sunday,1
TXN0000000106,29-07-2024 20:35,P2M,Shopping,7145,SUCCESS,West Bengal,PNB,Yes Bank,Android,WiFi,20,Monday,0
TXN0000000107,17-07-2024 10:07,P2P,Fuel,4468,SUCCESS,Gujarat,Kotak,Yes Bank,Android,5G,10,Wednesday,0
TXN0000000108,24-12-2024 11:08,Bill Payment,Utilities,2850,SUCCESS,Rajasthan,Kotak,ICICI,Android,WiFi,11,Tuesday,0
TXN0000000109,13-10-2024 20:29,P2M,Utilities,2142,SUCCESS,Rajasthan,ICICI,IndusInd,Android,4G,20,Sunday,1
TXN0000000110,19-07-2024 11:30,Recharge,Food,61,SUCCESS,Maharashtra,PNB,SBI,Android,5G,11,Friday,0
TXN0000000111,16-04-2024 16:11,P2P,Food,1288,SUCCESS,Gujarat,SBI,ICICI,Android,4G,16,Tuesday,0
TXN0000000112,11-08-2024 19:39,P2P,Food,1014,SUCCESS,Delhi,IndusInd,PNB,Android,3G,19,Sunday,1
TXN0000000113,05-02-2024 19:13,Bill Payment,Other,2474,SUCCESS,Delhi,Axis,HDFC,Web,WiFi,19,Monday,0
TXN0000000114,25-11-2024 19:54,P2M,Healthcare,861,SUCCESS,Rajasthan,Yes Bank,SBI,Android,5G,19,Monday,0
TXN0000000115,26-04-2024 20:45,P2P,Transport,507,SUCCESS,Andhra Pradesh,SBI,Axis,Android,5G,20,Friday,0
TXN0000000116,06-08-2024 13:16,P2M,Shopping,404,SUCCESS,Gujarat,ICICI,SBI,Android,4G,13,Tuesday,0
TXN0000000117,04-02-2024 17:37,P2M,Other,621,SUCCESS,Delhi,SBI,Yes Bank,iOS,WiFi,17,Sunday,1
TXN0000000118,24-10-2024 09:26,Bill Payment,Fuel,1830,SUCCESS,Telangana,IndusInd,SBI,Android,4G,9,Thursday,0
TXN0000000119,03-04-2024 13:21,P2M,Other,657,SUCCESS,Delhi,PNB,HDFC,iOS,4G,13,Wednesday,0
TXN0000000120,25-10-2024 11:34,P2P,Shopping,6804,SUCCESS,Karnataka,Yes Bank,SBI,Android,5G,11,Friday,0
TXN0000000121,20-03-2024 05:14,P2P,Utilities,261,SUCCESS,Gujarat,HDFC,SBI,Android,4G,5,Wednesday,0
TXN0000000122,20-01-2024 13:38,P2P,Entertainment,268,SUCCESS,Uttar Pradesh,HDFC,PNB,Android,WiFi,13,Saturday,1
TXN0000000123,03-01-2024 14:46,P2P,Transport,1410,SUCCESS,Karnataka,SBI,Yes Bank,Android,4G,14,Wednesday,0
TXN0000000124,23-01-2024 11:47,P2P,Utilities,342,SUCCESS,Uttar Pradesh,Kotak,SBI,iOS,WiFi,11,Tuesday,0
TXN0000000125,09-04-2024 13:39,Bill Payment,Utilities,3941,SUCCESS,Telangana,HDFC,HDFC,iOS,4G,13,Tuesday,0
TXN0000000126,12-05-2024 11:54,P2M,Grocery,4073,SUCCESS,Gujarat,Axis,Yes Bank,Android,WiFi,11,Sunday,1
TXN0000000127,29-04-2024 15:05,P2M,Food,91,SUCCESS,Telangana,Axis,SBI,Android,4G,15,Monday,0
TXN0000000128,14-09-2024 13:32,Bill Payment,Entertainment,209,SUCCESS,Karnataka,HDFC,ICICI,Web,4G,13,Saturday,1
TXN0000000129,09-03-2024 18:13,P2P,Transport,37,SUCCESS,Karnataka,HDFC,IndusInd,Android,5G,18,Saturday,1
TXN0000000130,05-09-2024 11:42,P2P,Fuel,596,SUCCESS,Maharashtra,Axis,HDFC,Android,4G,11,Thursday,0
TXN0000000131,10-10-2024 23:26,P2M,Transport,66,SUCCESS,Maharashtra,ICICI,PNB,iOS,4G,23,Thursday,0
TXN0000000132,28-12-2024 10:47,Recharge,Food,225,SUCCESS,Maharashtra,ICICI,HDFC,Android,4G,10,Saturday,1
TXN0000000133,05-04-2024 20:33,P2M,Entertainment,187,SUCCESS,Delhi,SBI,Axis,Android,4G,20,Friday,0
TXN0000000134,15-10-2024 19:38,P2P,Shopping,7155,SUCCESS,Tamil Nadu,ICICI,IndusInd,Android,4G,19,Tuesday,0
TXN0000000135,14-12-2024 19:24,Bill Payment,Shopping,5879,SUCCESS,Telangana,SBI,PNB,Android,5G,19,Saturday,1
TXN0000000136,02-09-2024 20:42,P2P,Entertainment,561,SUCCESS,Delhi,SBI,Yes Bank,Android,WiFi,20,Monday,0
TXN0000000137,02-12-2024 13:26,Bill Payment,Utilities,6011,SUCCESS,Maharashtra,SBI,Yes Bank,Android,4G,13,Monday,0
TXN0000000138,15-08-2024 07:34,P2P,Entertainment,223,SUCCESS,Telangana,SBI,SBI,Android,5G,7,Thursday,0
TXN0000000139,07-11-2024 15:35,Bill Payment,Fuel,4864,SUCCESS,Maharashtra,Kotak,SBI,iOS,WiFi,15,Thursday,0
TXN0000000140,04-09-2024 16:28,P2M,Food,2350,SUCCESS,Delhi,SBI,IndusInd,Android,5G,16,Wednesday,0
TXN0000000141,09-04-2024 14:17,P2M,Utilities,284,SUCCESS,Telangana,SBI,Kotak,Android,4G,14,Tuesday,0
TXN0000000142,22-06-2024 23:08,P2P,Shopping,1174,SUCCESS,West Bengal,IndusInd,HDFC,Android,4G,23,Saturday,1
TXN0000000143,15-08-2024 19:38,P2P,Shopping,1773,SUCCESS,Maharashtra,IndusInd,ICICI,Android,4G,19,Thursday,0
TXN0000000144,07-01-2024 09:55,P2P,Grocery,2839,SUCCESS,Uttar Pradesh,HDFC,SBI,iOS,4G,9,Sunday,1
TXN0000000145,13-06-2024 08:59,P2P,Shopping,3757,SUCCESS,Uttar Pradesh,SBI,SBI,Android,4G,8,Thursday,0
TXN0000000146,14-10-2024 12:46,P2P,Grocery,599,SUCCESS,Uttar Pradesh,ICICI,ICICI,Android,4G,12,Monday,0
TXN0000000147,18-02-2024 16:12,P2P,Healthcare,720,SUCCESS,Gujarat,PNB,ICICI,iOS,4G,16,Sunday,1
TXN0000000148,05-05-2024 12:38,P2M,Food,646,SUCCESS,Rajasthan,IndusInd,SBI,Android,5G,12,Sunday,1
TXN0000000149,06-06-2024 19:51,P2M,Food,211,SUCCESS,Delhi,SBI,SBI,iOS,4G,19,Thursday,0
TXN0000000150,19-08-2024 17:33,P2P,Transport,58,SUCCESS,Rajasthan,IndusInd,PNB,Android,5G,17,Monday,0
TXN0000000151,17-05-2024 17:03,P2P,Food,377,SUCCESS,Maharashtra,ICICI,SBI,iOS,5G,17,Friday,0
TXN0000000152,08-03-2024 21:15,Recharge,Transport,1072,SUCCESS,Maharashtra,Axis,HDFC,Android,5G,21,Friday,0
TXN0000000153,05-02-2024 08:16,P2M,Transport,16,FAILED,Uttar Pradesh,PNB,PNB,Android,WiFi,8,Monday,0
TXN0000000154,13-11-2024 17:30,P2P,Food,1753,SUCCESS,Karnataka,PNB,Axis,Android,WiFi,17,Wednesday,0
TXN0000000155,21-12-2024 10:58,P2P,Grocery,345,SUCCESS,West Bengal,ICICI,SBI,iOS,4G,10,Saturday,1
TXN0000000156,22-02-2024 11:42,P2M,Grocery,174,SUCCESS,Uttar Pradesh,HDFC,SBI,Android,4G,11,Thursday,0
TXN0000000157,01-11-2024 12:59,P2P,Entertainment,69,SUCCESS,Uttar Pradesh,SBI,PNB,Android,4G,12,Friday,0
TXN0000000158,09-05-2024 16:22,P2M,Grocery,301,SUCCESS,Telangana,SBI,ICICI,Android,4G,16,Thursday,0
TXN0000000159,02-06-2024 22:38,Recharge,Utilities,3091,SUCCESS,Maharashtra,ICICI,IndusInd,Android,4G,22,Sunday,1
TXN0000000160,16-02-2024 18:51,Bill Payment,Shopping,9619,SUCCESS,Maharashtra,SBI,IndusInd,Android,4G,18,Friday,0
TXN0000000161,13-09-2024 12:17,P2P,Entertainment,727,SUCCESS,Gujarat,Yes Bank,Yes Bank,iOS,4G,12,Friday,0
TXN0000000162,12-10-2024 17:50,P2M,Fuel,375,SUCCESS,Rajasthan,HDFC,Axis,Android,4G,17,Saturday,1
TXN0000000163,29-12-2024 15:13,P2M,Grocery,700,SUCCESS,Maharashtra,Kotak,Yes Bank,Android,5G,15,Sunday,1
TXN0000000164,19-05-2024 17:12,Bill Payment,Shopping,2289,SUCCESS,Andhra Pradesh,Kotak,Kotak,Android,5G,17,Sunday,1
TXN0000000165,14-12-2024 17:48,P2P,Fuel,797,SUCCESS,Tamil Nadu,SBI,SBI,Web,5G,17,Saturday,1
TXN0000000166,29-10-2024 04:05,P2P,Shopping,9228,SUCCESS,West Bengal,SBI,Yes Bank,Android,WiFi,4,Tuesday,0
TXN0000000167,13-02-2024 16:30,P2P,Other,1553,SUCCESS,Karnataka,PNB,SBI,Android,3G,16,Tuesday,0
TXN0000000168,18-08-2024 09:16,P2M,Entertainment,578,SUCCESS,Andhra Pradesh,HDFC,HDFC,Android,4G,9,Sunday,1
TXN0000000169,20-07-2024 20:07,P2M,Food,232,FAILED,Andhra Pradesh,Axis,SBI,iOS,WiFi,20,Saturday,1
TXN0000000170,30-07-2024 18:10,P2M,Fuel,2545,SUCCESS,Uttar Pradesh,SBI,SBI,iOS,4G,18,Tuesday,0
TXN0000000171,25-01-2024 07:20,P2P,Shopping,457,SUCCESS,Maharashtra,SBI,IndusInd,Android,4G,7,Thursday,0
TXN0000000172,27-09-2024 05:16,Recharge,Grocery,317,SUCCESS,Delhi,Yes Bank,IndusInd,Android,3G,5,Friday,0
TXN0000000173,13-08-2024 18:50,P2M,Food,132,SUCCESS,Uttar Pradesh,SBI,SBI,Android,4G,18,Tuesday,0
TXN0000000174,04-04-2024 12:34,P2P,Grocery,1414,SUCCESS,Rajasthan,IndusInd,SBI,Android,4G,12,Thursday,0
TXN0000000175,17-03-2024 17:51,P2M,Food,355,SUCCESS,Maharashtra,SBI,Yes Bank,Android,4G,17,Sunday,1
TXN0000000176,15-01-2024 10:49,P2M,Education,2335,SUCCESS,Maharashtra,Axis,SBI,Android,4G,10,Monday,0
TXN0000000177,24-09-2024 18:42,P2M,Fuel,443,SUCCESS,Andhra Pradesh,Kotak,SBI,Android,4G,18,Tuesday,0
TXN0000000178,05-05-2024 20:50,P2P,Food,167,SUCCESS,Tamil Nadu,PNB,SBI,Android,5G,20,Sunday,1
TXN0000000179,21-07-2024 19:48,P2P,Shopping,7210,SUCCESS,Maharashtra,Axis,Axis,Android,5G,19,Sunday,1
TXN0000000180,07-06-2024 21:47,P2P,Utilities,2148,SUCCESS,Uttar Pradesh,SBI,SBI,Android,5G,21,Friday,0
TXN0000000181,20-01-2024 19:24,P2M,Food,57,SUCCESS,Maharashtra,SBI,HDFC,Android,4G,19,Saturday,1
TXN0000000182,06-12-2024 15:39,P2P,Grocery,2241,FAILED,Tamil Nadu,SBI,ICICI,Android,5G,15,Friday,0
TXN0000000183,21-05-2024 21:29,P2M,Shopping,1688,SUCCESS,Delhi,SBI,SBI,iOS,4G,21,Tuesday,0
TXN0000000184,26-08-2024 09:03,P2P,Healthcare,250,SUCCESS,Uttar Pradesh,SBI,Yes Bank,Android,5G,9,Monday,0
TXN0000000185,05-02-2024 14:15,P2P,Utilities,957,SUCCESS,Karnataka,SBI,Axis,iOS,WiFi,14,Monday,0
TXN0000000186,05-03-2024 17:03,Bill Payment,Shopping,2555,SUCCESS,Gujarat,Axis,PNB,Android,4G,17,Tuesday,0
TXN0000000187,19-02-2024 14:56,P2P,Shopping,6786,SUCCESS,Karnataka,PNB,Yes Bank,Android,4G,14,Monday,0
TXN0000000188,25-06-2024 18:04,P2M,Shopping,1108,SUCCESS,Gujarat,PNB,ICICI,Android,5G,18,Tuesday,0
TXN0000000189,23-06-2024 01:12,P2M,Fuel,503,SUCCESS,Delhi,Kotak,PNB,iOS,5G,1,Sunday,1
TXN0000000190,02-11-2024 14:06,Bill Payment,Grocery,1990,SUCCESS,Tamil Nadu,ICICI,Yes Bank,Android,5G,14,Saturday,1
TXN0000000191,07-11-2024 16:22,P2P,Shopping,1838,SUCCESS,Karnataka,HDFC,ICICI,Android,3G,16,Thursday,0
TXN0000000192,15-07-2024 21:31,P2P,Food,744,SUCCESS,Telangana,Axis,SBI,Android,4G,21,Monday,0
TXN0000000193,14-01-2024 21:13,P2M,Grocery,831,SUCCESS,Karnataka,SBI,PNB,Android,4G,21,Sunday,1
TXN0000000194,02-02-2024 20:17,P2M,Other,1487,SUCCESS,Tamil Nadu,PNB,SBI,Android,4G,20,Friday,0
TXN0000000195,06-02-2024 19:21,Bill Payment,Food,303,SUCCESS,Telangana,PNB,Yes Bank,iOS,3G,19,Tuesday,0
TXN0000000196,07-12-2024 21:46,Bill Payment,Utilities,5798,SUCCESS,Rajasthan,Axis,PNB,Android,WiFi,21,Saturday,1
TXN0000000197,23-03-2024 21:20,P2P,Grocery,1490,FAILED,Maharashtra,SBI,ICICI,Android,4G,21,Saturday,1
TXN0000000198,19-04-2024 20:35,P2P,Other,1092,SUCCESS,Uttar Pradesh,IndusInd,Yes Bank,iOS,4G,20,Friday,0
TXN0000000199,11-05-2024 17:56,P2M,Transport,268,SUCCESS,Delhi,Axis,ICICI,Android,4G,17,Saturday,1
TXN0000000200,06-03-2024 00:47,Bill Payment,Entertainment,1659,FAILED,Tamil Nadu,SBI,Axis,Android,4G,0,Wednesday,0
TXN0000000201,07-03-2024 14:29,Recharge,Food,772,SUCCESS,Maharashtra,ICICI,Axis,Android,WiFi,14,Thursday,0
TXN0000000202,12-10-2024 11:19,P2M,Grocery,447,SUCCESS,Rajasthan,HDFC,IndusInd,Android,4G,11,Saturday,1
TXN0000000203,24-09-2024 17:28,Bill Payment,Utilities,321,SUCCESS,Tamil Nadu,PNB,IndusInd,Android,WiFi,17,Tuesday,0
TXN0000000204,22-11-2024 18:55,P2M,Food,488,SUCCESS,Delhi,Kotak,PNB,Android,4G,18,Friday,0
TXN0000000205,21-01-2024 19:27,P2P,Food,291,SUCCESS,West Bengal,Axis,ICICI,Android,5G,19,Sunday,1
TXN0000000206,13-09-2024 16:18,P2M,Fuel,597,SUCCESS,Uttar Pradesh,SBI,ICICI,Android,4G,16,Friday,0
TXN0000000207,27-12-2024 13:10,P2M,Transport,111,SUCCESS,Telangana,SBI,Yes Bank,Android,4G,13,Friday,0
TXN0000000208,31-03-2024 11:33,P2M,Other,728,SUCCESS,Andhra Pradesh,PNB,Kotak,Android,5G,11,Sunday,1
TXN0000000209,20-08-2024 23:26,Bill Payment,Transport,91,SUCCESS,Gujarat,SBI,IndusInd,Android,5G,23,Tuesday,0
TXN0000000210,01-08-2024 12:21,Bill Payment,Shopping,7683,SUCCESS,Karnataka,Kotak,Axis,Android,4G,12,Thursday,0
TXN0000000211,10-04-2024 07:06,P2P,Other,330,SUCCESS,West Bengal,SBI,ICICI,Android,4G,7,Wednesday,0
TXN0000000212,04-08-2024 09:01,Recharge,Entertainment,106,SUCCESS,Telangana,Kotak,HDFC,Android,4G,9,Sunday,1
TXN0000000213,31-10-2024 20:07,P2P,Grocery,120,SUCCESS,Andhra Pradesh,IndusInd,HDFC,Android,4G,20,Thursday,0
TXN0000000214,15-10-2024 21:09,P2P,Food,178,SUCCESS,Andhra Pradesh,Yes Bank,Yes Bank,Android,4G,21,Tuesday,0
TXN0000000215,07-05-2024 12:38,P2P,Grocery,343,SUCCESS,Karnataka,ICICI,ICICI,Android,4G,12,Tuesday,0
TXN0000000216,28-01-2024 22:56,P2M,Healthcare,105,SUCCESS,Andhra Pradesh,Yes Bank,Axis,iOS,5G,22,Sunday,1
TXN0000000217,02-09-2024 16:36,P2P,Utilities,2679,SUCCESS,Rajasthan,HDFC,HDFC,iOS,4G,16,Monday,0
TXN0000000218,27-03-2024 15:38,Bill Payment,Grocery,281,SUCCESS,Telangana,Axis,Axis,Android,4G,15,Wednesday,0
TXN0000000219,02-02-2024 16:40,Bill Payment,Entertainment,120,SUCCESS,Tamil Nadu,IndusInd,SBI,Android,4G,16,Friday,0
TXN0000000220,06-09-2024 07:47,P2P,Other,3324,SUCCESS,Tamil Nadu,HDFC,SBI,Android,WiFi,7,Friday,0
TXN0000000221,09-01-2024 08:28,P2P,Food,151,FAILED,West Bengal,SBI,HDFC,Android,4G,8,Tuesday,0
TXN0000000222,07-04-2024 11:34,P2P,Utilities,1687,SUCCESS,Uttar Pradesh,HDFC,HDFC,Android,4G,11,Sunday,1
TXN0000000223,22-02-2024 18:40,P2P,Food,89,SUCCESS,Telangana,Axis,HDFC,iOS,4G,18,Thursday,0
TXN0000000224,06-01-2024 15:42,Bill Payment,Entertainment,129,SUCCESS,Karnataka,Axis,Yes Bank,Android,WiFi,15,Saturday,1
TXN0000000225,09-02-2024 05:48,P2P,Grocery,188,SUCCESS,Delhi,PNB,SBI,Android,4G,5,Friday,0
TXN0000000226,19-04-2024 21:57,Bill Payment,Food,69,SUCCESS,Andhra Pradesh,ICICI,HDFC,Android,4G,21,Friday,0
TXN0000000227,06-05-2024 11:36,P2M,Grocery,263,SUCCESS,West Bengal,ICICI,Axis,Android,4G,11,Monday,0
TXN0000000228,26-08-2024 13:03,Bill Payment,Other,386,SUCCESS,Delhi,Yes Bank,Kotak,Android,4G,13,Monday,0
TXN0000000229,09-10-2024 11:26,Bill Payment,Entertainment,546,SUCCESS,Tamil Nadu,SBI,SBI,Android,4G,11,Wednesday,0
TXN0000000230,20-12-2024 17:29,Bill Payment,Healthcare,1233,SUCCESS,West Bengal,Yes Bank,PNB,Android,4G,17,Friday,0
TXN0000000231,13-04-2024 13:34,P2M,Utilities,5295,SUCCESS,Rajasthan,PNB,SBI,Android,4G,13,Saturday,1
TXN0000000232,01-10-2024 00:01,P2M,Grocery,89,SUCCESS,Tamil Nadu,SBI,ICICI,Android,4G,0,Tuesday,0
TXN0000000233,01-06-2024 19:45,P2M,Food,239,SUCCESS,West Bengal,PNB,IndusInd,Android,4G,19,Saturday,1
TXN0000000234,09-03-2024 19:03,P2P,Grocery,1585,SUCCESS,Telangana,Axis,IndusInd,iOS,5G,19,Saturday,1
TXN0000000235,08-11-2024 09:04,P2M,Grocery,348,SUCCESS,Gujarat,HDFC,Yes Bank,Android,5G,9,Friday,0
TXN0000000236,19-12-2024 16:57,P2M,Shopping,1946,SUCCESS,Tamil Nadu,Axis,HDFC,Android,5G,16,Thursday,0
TXN0000000237,04-07-2024 17:49,P2P,Other,321,SUCCESS,Delhi,ICICI,Axis,Android,4G,17,Thursday,0
TXN0000000238,15-06-2024 18:47,P2M,Grocery,348,SUCCESS,Andhra Pradesh,SBI,Yes Bank,Android,5G,18,Saturday,1
TXN0000000239,14-04-2024 22:44,P2P,Grocery,1509,SUCCESS,Rajasthan,IndusInd,Yes Bank,Android,4G,22,Sunday,1
TXN0000000240,28-09-2024 20:20,Bill Payment,Grocery,854,SUCCESS,Maharashtra,IndusInd,PNB,iOS,WiFi,20,Saturday,1
TXN0000000241,21-03-2024 17:24,P2P,Healthcare,4536,FAILED,Rajasthan,PNB,Axis,iOS,4G,17,Thursday,0
TXN0000000242,19-04-2024 19:02,Bill Payment,Entertainment,116,FAILED,Delhi,Yes Bank,IndusInd,Android,4G,19,Friday,0
TXN0000000243,19-02-2024 17:57,P2M,Grocery,417,SUCCESS,Uttar Pradesh,SBI,Axis,Web,5G,17,Monday,0
TXN0000000244,24-08-2024 18:24,P2P,Grocery,1242,SUCCESS,Telangana,SBI,SBI,iOS,4G,18,Saturday,1
TXN0000000245,27-02-2024 20:23,P2M,Other,767,SUCCESS,Uttar Pradesh,Kotak,PNB,Android,WiFi,20,Tuesday,0
TXN0000000246,04-05-2024 08:53,P2M,Utilities,1849,FAILED,Karnataka,Yes Bank,PNB,Android,WiFi,8,Saturday,1
TXN0000000247,19-07-2024 08:17,P2P,Education,3518,SUCCESS,Karnataka,Yes Bank,SBI,Android,4G,8,Friday,0
TXN0000000248,20-12-2024 07:30,P2P,Food,36,SUCCESS,Uttar Pradesh,Yes Bank,IndusInd,Android,4G,7,Friday,0
TXN0000000249,06-01-2024 09:10,P2M,Food,760,SUCCESS,Andhra Pradesh,PNB,PNB,Android,4G,9,Saturday,1
TXN0000000250,22-03-2024 20:02,Bill Payment,Other,852,SUCCESS,Maharashtra,HDFC,Yes Bank,iOS,4G,20,Friday,0
TXN0000000251,23-03-2024 23:29,P2P,Fuel,2521,SUCCESS,Maharashtra,PNB,ICICI,Android,5G,23,Saturday,1
TXN0000000252,11-03-2024 23:56,Recharge,Entertainment,138,SUCCESS,Maharashtra,HDFC,Kotak,Android,WiFi,23,Monday,0
TXN0000000253,30-10-2024 21:46,P2P,Food,582,SUCCESS,Maharashtra,Kotak,Yes Bank,Android,4G,21,Wednesday,0
TXN0000000254,14-03-2024 10:20,Recharge,Transport,619,SUCCESS,West Bengal,IndusInd,IndusInd,iOS,WiFi,10,Thursday,0
TXN0000000255,09-12-2024 15:59,P2M,Healthcare,705,SUCCESS,Gujarat,SBI,Yes Bank,Android,4G,15,Monday,0
TXN0000000256,02-10-2024 17:10,Bill Payment,Other,529,SUCCESS,Telangana,Yes Bank,SBI,iOS,4G,17,Wednesday,0
TXN0000000257,09-12-2024 09:53,P2M,Healthcare,173,SUCCESS,Karnataka,PNB,Yes Bank,Android,4G,9,Monday,0
TXN0000000258,11-11-2024 17:13,P2M,Food,1048,SUCCESS,Delhi,PNB,IndusInd,Android,5G,17,Monday,0
TXN0000000259,13-12-2024 09:51,P2P,Other,182,SUCCESS,Karnataka,Yes Bank,Yes Bank,Android,4G,9,Friday,0
TXN0000000260,01-11-2024 13:34,P2M,Education,1758,SUCCESS,Maharashtra,Yes Bank,IndusInd,Android,4G,13,Friday,0
TXN0000000261,26-09-2024 13:42,P2M,Transport,24,SUCCESS,Telangana,HDFC,PNB,Android,4G,13,Thursday,0
TXN0000000262,18-04-2024 11:57,Bill Payment,Food,190,SUCCESS,Gujarat,SBI,Axis,iOS,4G,11,Thursday,0
TXN0000000263,08-05-2024 12:36,P2M,Grocery,1884,SUCCESS,Maharashtra,PNB,Axis,Android,4G,12,Wednesday,0
TXN0000000264,26-12-2024 17:04,P2M,Food,68,SUCCESS,Gujarat,PNB,Yes Bank,iOS,WiFi,17,Thursday,0
TXN0000000265,27-12-2024 18:59,Bill Payment,Other,310,SUCCESS,Karnataka,Kotak,ICICI,Android,5G,18,Friday,0
TXN0000000266,28-10-2024 14:01,P2P,Utilities,1526,SUCCESS,Delhi,SBI,Kotak,Android,3G,14,Monday,0
TXN0000000267,22-11-2024 14:59,P2M,Grocery,520,SUCCESS,Karnataka,Yes Bank,PNB,iOS,4G,14,Friday,0
TXN0000000268,12-10-2024 21:22,P2M,Food,415,SUCCESS,West Bengal,SBI,PNB,Android,4G,21,Saturday,1
TXN0000000269,15-11-2024 12:02,P2P,Utilities,1921,SUCCESS,Tamil Nadu,Kotak,SBI,iOS,5G,12,Friday,0
TXN0000000270,11-01-2024 13:12,P2P,Other,427,SUCCESS,Uttar Pradesh,Axis,HDFC,iOS,4G,13,Thursday,0
TXN0000000271,21-06-2024 20:33,P2P,Food,1532,SUCCESS,Maharashtra,IndusInd,HDFC,Android,WiFi,20,Friday,0
TXN0000000272,21-10-2024 07:42,P2P,Utilities,280,SUCCESS,Rajasthan,IndusInd,SBI,Android,4G,7,Monday,0
TXN0000000273,24-08-2024 16:27,P2M,Transport,238,SUCCESS,Gujarat,SBI,SBI,Android,4G,16,Saturday,1
TXN0000000274,14-08-2024 16:23,P2P,Healthcare,222,SUCCESS,Delhi,ICICI,IndusInd,Android,5G,16,Wednesday,0
TXN0000000275,15-06-2024 22:34,Recharge,Transport,133,SUCCESS,Delhi,Yes Bank,Axis,Android,4G,22,Saturday,1
TXN0000000276,09-07-2024 05:30,P2M,Food,273,SUCCESS,Tamil Nadu,ICICI,SBI,iOS,5G,5,Tuesday,0
TXN0000000277,15-04-2024 14:24,P2P,Food,295,SUCCESS,Maharashtra,PNB,SBI,Android,4G,14,Monday,0
TXN0000000278,25-06-2024 12:05,P2P,Transport,151,SUCCESS,Telangana,Yes Bank,SBI,iOS,5G,12,Tuesday,0
TXN0000000279,05-10-2024 22:53,P2P,Food,1185,SUCCESS,Uttar Pradesh,ICICI,HDFC,Android,4G,22,Saturday,1
TXN0000000280,07-04-2024 11:51,P2M,Education,4571,FAILED,Karnataka,HDFC,HDFC,iOS,5G,11,Sunday,1
TXN0000000281,25-10-2024 03:02,Bill Payment,Shopping,188,SUCCESS,Andhra Pradesh,PNB,SBI,Android,5G,3,Friday,0
TXN0000000282,15-03-2024 23:59,Bill Payment,Food,260,SUCCESS,Maharashtra,Axis,PNB,Android,4G,23,Friday,0
TXN0000000283,06-08-2024 15:54,P2M,Grocery,679,SUCCESS,Maharashtra,PNB,SBI,Android,4G,15,Tuesday,0
TXN0000000284,13-04-2024 19:56,P2P,Grocery,1241,SUCCESS,Gujarat,Yes Bank,Axis,Android,4G,19,Saturday,1
TXN0000000285,20-03-2024 18:36,P2P,Transport,93,SUCCESS,Telangana,IndusInd,HDFC,Android,4G,18,Wednesday,0
TXN0000000286,29-12-2024 14:06,Bill Payment,Utilities,1577,SUCCESS,Andhra Pradesh,IndusInd,IndusInd,Android,4G,14,Sunday,1
TXN0000000287,03-08-2024 08:37,P2M,Fuel,282,SUCCESS,Delhi,ICICI,HDFC,Android,4G,8,Saturday,1
TXN0000000288,04-11-2024 07:39,Bill Payment,Fuel,474,SUCCESS,Uttar Pradesh,Axis,PNB,Android,4G,7,Monday,0
TXN0000000289,05-06-2024 23:20,P2M,Shopping,5634,SUCCESS,Maharashtra,Axis,HDFC,Android,4G,23,Wednesday,0
TXN0000000290,24-11-2024 15:25,P2M,Entertainment,396,SUCCESS,Maharashtra,PNB,PNB,Android,4G,15,Sunday,1
TXN0000000291,03-02-2024 12:02,P2M,Other,669,SUCCESS,Andhra Pradesh,SBI,SBI,iOS,4G,12,Saturday,1
TXN0000000292,02-11-2024 11:14,P2M,Shopping,1078,SUCCESS,Maharashtra,HDFC,IndusInd,Android,WiFi,11,Saturday,1
TXN0000000293,21-10-2024 18:43,P2M,Grocery,283,SUCCESS,Maharashtra,Yes Bank,PNB,iOS,5G,18,Monday,0
TXN0000000294,16-02-2024 21:03,P2M,Entertainment,351,SUCCESS,Uttar Pradesh,ICICI,ICICI,Android,4G,21,Friday,0
TXN0000000295,24-10-2024 20:32,P2P,Food,2155,SUCCESS,Tamil Nadu,ICICI,HDFC,Android,5G,20,Thursday,0
TXN0000000296,02-02-2024 16:50,P2P,Grocery,682,SUCCESS,Tamil Nadu,SBI,Yes Bank,Android,4G,16,Friday,0
TXN0000000297,13-01-2024 14:03,P2P,Food,166,SUCCESS,Andhra Pradesh,SBI,PNB,iOS,4G,14,Saturday,1
TXN0000000298,03-07-2024 22:20,P2P,Shopping,4046,SUCCESS,Gujarat,SBI,SBI,iOS,4G,22,Wednesday,0
TXN0000000299,18-09-2024 16:38,Recharge,Transport,865,SUCCESS,West Bengal,Kotak,ICICI,Android,4G,16,Wednesday,0
TXN0000000300,13-04-2024 23:31,P2P,Utilities,12568,SUCCESS,Tamil Nadu,Kotak,Axis,Android,4G,23,Saturday,1
TXN0000000301,17-01-2024 20:01,Bill Payment,Education,10309,SUCCESS,Andhra Pradesh,HDFC,ICICI,Android,4G,20,Wednesday,0
TXN0000000302,21-01-2024 12:13,Bill Payment,Fuel,5359,SUCCESS,Gujarat,ICICI,PNB,Android,4G,12,Sunday,1
TXN0000000303,16-04-2024 13:35,P2M,Fuel,1287,SUCCESS,Telangana,Axis,PNB,Android,5G,13,Tuesday,0
TXN0000000304,12-03-2024 20:30,P2M,Healthcare,2928,SUCCESS,West Bengal,SBI,ICICI,iOS,4G,20,Tuesday,0
TXN0000000305,07-05-2024 06:44,P2P,Transport,309,SUCCESS,Tamil Nadu,PNB,IndusInd,iOS,4G,6,Tuesday,0
TXN0000000306,09-09-2024 10:38,P2M,Grocery,167,SUCCESS,Uttar Pradesh,ICICI,Axis,iOS,4G,10,Monday,0
TXN0000000307,23-06-2024 19:22,P2P,Food,255,SUCCESS,Rajasthan,HDFC,PNB,iOS,4G,19,Sunday,1
TXN0000000308,09-03-2024 20:25,P2P,Utilities,2499,SUCCESS,Karnataka,SBI,PNB,Android,4G,20,Saturday,1
TXN0000000309,27-10-2024 00:03,P2M,Shopping,2775,SUCCESS,Gujarat,SBI,PNB,Android,WiFi,0,Sunday,1
TXN0000000310,28-02-2024 11:14,P2P,Grocery,140,SUCCESS,West Bengal,PNB,ICICI,Android,4G,11,Wednesday,0
TXN0000000311,24-08-2024 04:40,Bill Payment,Utilities,3255,SUCCESS,Tamil Nadu,PNB,Yes Bank,iOS,4G,4,Saturday,1
TXN0000000312,29-07-2024 18:44,Bill Payment,Fuel,935,SUCCESS,Karnataka,IndusInd,Axis,Android,5G,18,Monday,0
TXN0000000313,06-06-2024 20:07,P2P,Utilities,2428,SUCCESS,Uttar Pradesh,ICICI,SBI,Android,4G,20,Thursday,0
TXN0000000314,18-10-2024 09:36,P2P,Healthcare,333,SUCCESS,West Bengal,PNB,HDFC,Android,4G,9,Friday,0
TXN0000000315,13-10-2024 19:36,P2P,Grocery,1037,SUCCESS,Gujarat,Axis,ICICI,Android,4G,19,Sunday,1
TXN0000000316,24-06-2024 21:49,P2M,Other,221,SUCCESS,Gujarat,IndusInd,SBI,Android,4G,21,Monday,0
TXN0000000317,30-01-2024 13:44,P2M,Transport,409,SUCCESS,Andhra Pradesh,HDFC,PNB,Web,4G,13,Tuesday,0
TXN0000000318,14-07-2024 20:56,P2P,Fuel,1822,FAILED,Delhi,PNB,SBI,Android,4G,20,Sunday,1
TXN0000000319,19-01-2024 21:36,P2P,Food,86,SUCCESS,Andhra Pradesh,SBI,Axis,Android,4G,21,Friday,0
TXN0000000320,23-12-2024 21:26,Bill Payment,Utilities,3310,SUCCESS,Uttar Pradesh,ICICI,Kotak,iOS,4G,21,Monday,0
TXN0000000321,31-05-2024 16:51,P2P,Grocery,2357,SUCCESS,Uttar Pradesh,Yes Bank,PNB,iOS,4G,16,Friday,0
TXN0000000322,21-05-2024 07:48,P2M,Entertainment,181,SUCCESS,Maharashtra,Kotak,PNB,iOS,5G,7,Tuesday,0
TXN0000000323,24-12-2024 19:01,P2P,Transport,62,SUCCESS,Delhi,Kotak,PNB,Web,4G,19,Tuesday,0
TXN0000000324,07-05-2024 10:59,P2P,Shopping,2221,SUCCESS,Delhi,ICICI,SBI,iOS,4G,10,Tuesday,0
TXN0000000325,31-10-2024 16:02,P2M,Entertainment,139,SUCCESS,Maharashtra,HDFC,IndusInd,Android,4G,16,Thursday,0
TXN0000000326,06-03-2024 20:58,P2M,Transport,160,SUCCESS,Gujarat,Kotak,Axis,Android,4G,20,Wednesday,0
TXN0000000327,30-12-2024 14:58,P2P,Healthcare,1496,SUCCESS,Telangana,HDFC,ICICI,Android,4G,14,Monday,0
TXN0000000328,03-09-2024 21:58,P2M,Grocery,527,SUCCESS,Uttar Pradesh,PNB,ICICI,iOS,4G,21,Tuesday,0
TXN0000000329,10-02-2024 22:24,P2M,Entertainment,182,SUCCESS,Tamil Nadu,Axis,Yes Bank,Android,WiFi,22,Saturday,1
TXN0000000330,12-03-2024 21:36,P2M,Entertainment,436,SUCCESS,Gujarat,HDFC,HDFC,Android,4G,21,Tuesday,0
TXN0000000331,03-10-2024 17:36,P2P,Fuel,3287,SUCCESS,Andhra Pradesh,IndusInd,HDFC,Android,4G,17,Thursday,0
TXN0000000332,22-11-2024 22:49,P2M,Grocery,879,SUCCESS,West Bengal,PNB,SBI,iOS,4G,22,Friday,0
TXN0000000333,19-05-2024 09:28,P2P,Food,1445,SUCCESS,Gujarat,SBI,IndusInd,iOS,5G,9,Sunday,1
TXN0000000334,01-10-2024 22:47,P2M,Grocery,1946,SUCCESS,Tamil Nadu,SBI,HDFC,Android,4G,22,Tuesday,0
TXN0000000335,26-11-2024 12:22,P2M,Entertainment,167,SUCCESS,Tamil Nadu,HDFC,IndusInd,Android,3G,12,Tuesday,0
TXN0000000336,30-11-2024 23:17,P2P,Other,549,SUCCESS,Rajasthan,Kotak,SBI,Android,4G,23,Saturday,1
TXN0000000337,07-07-2024 19:05,P2P,Food,478,SUCCESS,Andhra Pradesh,Yes Bank,ICICI,Android,4G,19,Sunday,1
TXN0000000338,08-11-2024 17:45,Bill Payment,Grocery,2838,SUCCESS,Uttar Pradesh,Axis,SBI,Web,WiFi,17,Friday,0
TXN0000000339,18-03-2024 10:46,Bill Payment,Utilities,483,SUCCESS,West Bengal,Kotak,Axis,Android,5G,10,Monday,0
TXN0000000340,13-04-2024 15:56,P2M,Food,280,SUCCESS,Karnataka,HDFC,PNB,Android,4G,15,Saturday,1
TXN0000000341,28-06-2024 20:20,Bill Payment,Grocery,2640,SUCCESS,Maharashtra,HDFC,Axis,Android,4G,20,Friday,0
TXN0000000342,14-09-2024 14:59,Bill Payment,Food,92,SUCCESS,Rajasthan,ICICI,Yes Bank,Android,4G,14,Saturday,1
TXN0000000343,23-10-2024 20:14,Bill Payment,Shopping,497,SUCCESS,Delhi,Kotak,HDFC,iOS,5G,20,Wednesday,0
TXN0000000344,03-12-2024 18:47,Bill Payment,Other,1085,SUCCESS,Delhi,PNB,Yes Bank,Android,4G,18,Tuesday,0
TXN0000000345,19-11-2024 20:27,P2P,Utilities,3360,SUCCESS,Rajasthan,SBI,ICICI,Android,5G,20,Tuesday,0
TXN0000000346,26-12-2024 11:44,P2M,Grocery,646,SUCCESS,Maharashtra,ICICI,SBI,Web,4G,11,Thursday,0
TXN0000000347,09-08-2024 19:46,P2M,Food,631,SUCCESS,Uttar Pradesh,SBI,PNB,Android,WiFi,19,Friday,0
TXN0000000348,14-01-2024 17:39,P2M,Shopping,4554,SUCCESS,Rajasthan,SBI,PNB,Android,4G,17,Sunday,1
TXN0000000349,04-07-2024 12:53,P2M,Transport,953,SUCCESS,West Bengal,Kotak,SBI,Web,4G,12,Thursday,0
TXN0000000350,02-12-2024 14:29,P2P,Shopping,1191,SUCCESS,Gujarat,SBI,Yes Bank,Android,5G,14,Monday,0
TXN0000000351,22-03-2024 11:03,P2M,Grocery,317,SUCCESS,Karnataka,SBI,IndusInd,Android,4G,11,Friday,0
TXN0000000352,15-04-2024 08:04,P2M,Transport,571,SUCCESS,Tamil Nadu,Axis,SBI,Android,5G,8,Monday,0
TXN0000000353,30-06-2024 10:17,P2P,Food,1107,SUCCESS,Telangana,Kotak,Kotak,Android,5G,10,Sunday,1
TXN0000000354,08-05-2024 20:49,P2P,Entertainment,220,SUCCESS,Rajasthan,HDFC,SBI,Web,5G,20,Wednesday,0
TXN0000000355,22-06-2024 19:16,P2M,Healthcare,522,SUCCESS,Andhra Pradesh,IndusInd,ICICI,Android,4G,19,Saturday,1
TXN0000000356,03-02-2024 22:14,P2P,Grocery,139,SUCCESS,Delhi,Axis,PNB,Android,4G,22,Saturday,1
TXN0000000357,27-02-2024 17:23,P2M,Grocery,158,SUCCESS,Karnataka,HDFC,ICICI,Android,4G,17,Tuesday,0
TXN0000000358,24-02-2024 14:01,P2P,Entertainment,92,SUCCESS,Andhra Pradesh,Axis,ICICI,Android,5G,14,Saturday,1
TXN0000000359,13-08-2024 21:51,P2M,Food,137,SUCCESS,Gujarat,SBI,IndusInd,Android,WiFi,21,Tuesday,0
TXN0000000360,26-07-2024 14:06,Recharge,Utilities,308,SUCCESS,Andhra Pradesh,SBI,SBI,Android,4G,14,Friday,0
TXN0000000361,28-08-2024 17:19,P2P,Transport,150,SUCCESS,Karnataka,SBI,IndusInd,iOS,4G,17,Wednesday,0
TXN0000000362,18-07-2024 21:54,P2P,Transport,120,SUCCESS,Tamil Nadu,Yes Bank,SBI,Android,WiFi,21,Thursday,0
TXN0000000363,07-10-2024 11:13,Bill Payment,Transport,134,SUCCESS,Tamil Nadu,SBI,ICICI,Android,5G,11,Monday,0
TXN0000000364,18-01-2024 23:08,P2M,Fuel,2418,SUCCESS,Karnataka,ICICI,ICICI,iOS,5G,23,Thursday,0
TXN0000000365,22-01-2024 18:05,Recharge,Utilities,2766,FAILED,Rajasthan,Axis,HDFC,Android,4G,18,Monday,0
TXN0000000366,06-07-2024 15:49,P2M,Grocery,503,SUCCESS,Maharashtra,SBI,SBI,Android,4G,15,Saturday,1
TXN0000000367,25-12-2024 20:04,Recharge,Fuel,2678,SUCCESS,Gujarat,SBI,ICICI,iOS,5G,20,Wednesday,0
TXN0000000368,07-02-2024 20:32,P2M,Utilities,121,SUCCESS,Andhra Pradesh,Kotak,Axis,Android,4G,20,Wednesday,0
TXN0000000369,20-11-2024 12:16,P2M,Fuel,516,SUCCESS,Uttar Pradesh,ICICI,Kotak,Android,WiFi,12,Wednesday,0
TXN0000000370,08-05-2024 20:07,P2P,Transport,92,SUCCESS,Karnataka,ICICI,IndusInd,Android,4G,20,Wednesday,0
TXN0000000371,19-10-2024 15:21,P2P,Healthcare,1845,SUCCESS,Tamil Nadu,IndusInd,IndusInd,Android,4G,15,Saturday,1
TXN0000000372,13-11-2024 21:21,P2P,Grocery,1630,SUCCESS,Rajasthan,ICICI,PNB,Android,4G,21,Wednesday,0
TXN0000000373,27-10-2024 17:46,P2P,Fuel,2588,SUCCESS,Maharashtra,HDFC,Yes Bank,iOS,4G,17,Sunday,1
TXN0000000374,08-03-2024 17:03,P2M,Grocery,2392,SUCCESS,Gujarat,SBI,Axis,Android,3G,17,Friday,0
TXN0000000375,10-12-2024 22:55,P2P,Transport,35,SUCCESS,Andhra Pradesh,HDFC,Axis,Android,3G,22,Tuesday,0
TXN0000000376,31-05-2024 08:03,P2P,Other,607,SUCCESS,Karnataka,HDFC,SBI,Android,4G,8,Friday,0
TXN0000000377,14-12-2024 19:46,Bill Payment,Other,202,SUCCESS,Maharashtra,IndusInd,HDFC,iOS,4G,19,Saturday,1
TXN0000000378,15-11-2024 10:05,P2M,Grocery,1685,SUCCESS,Karnataka,HDFC,IndusInd,Android,3G,10,Friday,0
TXN0000000379,07-02-2024 17:25,P2M,Shopping,4692,SUCCESS,Uttar Pradesh,HDFC,SBI,Web,5G,17,Wednesday,0
TXN0000000380,01-09-2024 19:12,P2P,Transport,667,SUCCESS,Rajasthan,SBI,SBI,Android,4G,19,Sunday,1
TXN0000000381,21-11-2024 17:36,P2P,Food,1016,SUCCESS,Karnataka,Yes Bank,SBI,Android,4G,17,Thursday,0
TXN0000000382,10-07-2024 22:00,P2M,Shopping,443,SUCCESS,Andhra Pradesh,SBI,Axis,Web,5G,22,Wednesday,0
TXN0000000383,11-11-2024 20:29,Recharge,Food,365,SUCCESS,Maharashtra,Yes Bank,HDFC,iOS,WiFi,20,Monday,0
TXN0000000384,14-09-2024 20:21,P2P,Other,1080,SUCCESS,Uttar Pradesh,Kotak,Axis,Web,4G,20,Saturday,1
TXN0000000385,20-03-2024 19:29,P2P,Other,484,SUCCESS,Tamil Nadu,HDFC,SBI,Android,5G,19,Wednesday,0
TXN0000000386,09-05-2024 21:19,P2P,Shopping,391,FAILED,Delhi,HDFC,IndusInd,iOS,WiFi,21,Thursday,0
TXN0000000387,25-07-2024 16:56,P2M,Fuel,4022,SUCCESS,Telangana,ICICI,IndusInd,iOS,5G,16,Thursday,0
TXN0000000388,31-03-2024 19:15,P2M,Fuel,1352,SUCCESS,Uttar Pradesh,HDFC,HDFC,Web,4G,19,Sunday,1
TXN0000000389,07-05-2024 14:25,P2P,Entertainment,573,SUCCESS,Rajasthan,IndusInd,Kotak,iOS,4G,14,Tuesday,0
TXN0000000390,20-05-2024 16:37,P2M,Shopping,1008,SUCCESS,Uttar Pradesh,SBI,ICICI,Android,4G,16,Monday,0
TXN0000000391,17-05-2024 17:05,P2P,Grocery,1957,SUCCESS,Maharashtra,Yes Bank,ICICI,Android,5G,17,Friday,0
TXN0000000392,21-01-2024 00:32,P2M,Entertainment,410,SUCCESS,Tamil Nadu,SBI,Yes Bank,Android,4G,0,Sunday,1
TXN0000000393,18-12-2024 19:38,P2P,Utilities,3267,FAILED,Tamil Nadu,HDFC,Yes Bank,Android,4G,19,Wednesday,0
TXN0000000394,26-09-2024 19:35,P2P,Food,1825,SUCCESS,Tamil Nadu,IndusInd,PNB,iOS,5G,19,Thursday,0
TXN0000000395,30-05-2024 16:34,P2M,Healthcare,258,SUCCESS,Gujarat,ICICI,Kotak,Android,WiFi,16,Thursday,0
TXN0000000396,24-05-2024 07:06,Bill Payment,Education,1461,SUCCESS,Maharashtra,Kotak,Axis,Android,4G,7,Friday,0
TXN0000000397,28-12-2024 17:19,P2P,Grocery,431,SUCCESS,Uttar Pradesh,ICICI,Kotak,Android,4G,17,Saturday,1
TXN0000000398,12-01-2024 19:37,P2M,Utilities,326,SUCCESS,Telangana,ICICI,Axis,iOS,4G,19,Friday,0
TXN0000000399,08-06-2024 18:35,P2M,Other,479,SUCCESS,Tamil Nadu,Axis,IndusInd,Android,4G,18,Saturday,1
TXN0000000400,28-07-2024 14:39,P2M,Shopping,2159,SUCCESS,Delhi,SBI,HDFC,Web,4G,14,Sunday,1
TXN0000000401,21-03-2024 09:03,Recharge,Fuel,960,SUCCESS,Tamil Nadu,ICICI,HDFC,Android,4G,9,Thursday,0
TXN0000000402,09-09-2024 18:31,Bill Payment,Fuel,587,SUCCESS,Delhi,HDFC,SBI,Android,4G,18,Monday,0
TXN0000000403,30-09-2024 16:46,P2P,Entertainment,179,SUCCESS,Telangana,ICICI,ICICI,Android,5G,16,Monday,0
TXN0000000404,03-05-2024 18:59,P2M,Grocery,238,SUCCESS,Maharashtra,Yes Bank,SBI,iOS,WiFi,18,Friday,0
TXN0000000405,02-01-2024 15:10,P2M,Shopping,6083,SUCCESS,Delhi,SBI,SBI,Android,4G,15,Tuesday,0
TXN0000000406,07-09-2024 22:53,Bill Payment,Shopping,1612,SUCCESS,Karnataka,SBI,ICICI,iOS,4G,22,Saturday,1
TXN0000000407,30-09-2024 16:53,P2P,Healthcare,459,SUCCESS,Gujarat,IndusInd,Axis,Android,4G,16,Monday,0
TXN0000000408,30-09-2024 15:07,P2P,Entertainment,369,SUCCESS,West Bengal,SBI,SBI,Android,5G,15,Monday,0
TXN0000000409,11-08-2024 13:29,P2P,Other,469,SUCCESS,Tamil Nadu,Kotak,Axis,Android,5G,13,Sunday,1
TXN0000000410,02-01-2024 21:25,P2P,Grocery,420,SUCCESS,Telangana,HDFC,Axis,Android,5G,21,Tuesday,0
TXN0000000411,13-04-2024 06:30,P2P,Healthcare,406,SUCCESS,Uttar Pradesh,HDFC,Axis,Android,4G,6,Saturday,1
TXN0000000412,23-02-2024 18:33,P2M,Other,358,SUCCESS,Delhi,Yes Bank,HDFC,Android,4G,18,Friday,0
TXN0000000413,14-10-2024 17:40,Bill Payment,Utilities,3508,SUCCESS,Andhra Pradesh,Yes Bank,HDFC,Android,3G,17,Monday,0
TXN0000000414,15-09-2024 10:03,P2M,Fuel,1869,SUCCESS,West Bengal,Axis,Axis,iOS,4G,10,Sunday,1
TXN0000000415,05-07-2024 18:32,P2M,Grocery,514,SUCCESS,Karnataka,Yes Bank,Kotak,Android,3G,18,Friday,0
TXN0000000416,08-08-2024 20:13,P2P,Utilities,1980,SUCCESS,Telangana,IndusInd,SBI,iOS,4G,20,Thursday,0
TXN0000000417,23-10-2024 20:12,Bill Payment,Grocery,320,SUCCESS,Uttar Pradesh,Kotak,IndusInd,Android,WiFi,20,Wednesday,0
TXN0000000418,28-10-2024 20:40,P2P,Food,651,SUCCESS,Telangana,SBI,ICICI,Android,4G,20,Monday,0
TXN0000000419,07-11-2024 20:03,Bill Payment,Shopping,199,SUCCESS,Tamil Nadu,Axis,PNB,Android,5G,20,Thursday,0
TXN0000000420,29-08-2024 15:10,P2M,Utilities,3091,SUCCESS,Delhi,IndusInd,IndusInd,Android,4G,15,Thursday,0
TXN0000000421,11-07-2024 20:19,P2P,Shopping,165,SUCCESS,Delhi,Kotak,IndusInd,Android,WiFi,20,Thursday,0
TXN0000000422,08-09-2024 17:14,P2P,Grocery,250,SUCCESS,Maharashtra,Yes Bank,IndusInd,Android,4G,17,Sunday,1
TXN0000000423,24-04-2024 23:19,P2P,Transport,351,SUCCESS,Delhi,HDFC,HDFC,Android,4G,23,Wednesday,0
TXN0000000424,11-12-2024 21:48,P2P,Shopping,1862,SUCCESS,Maharashtra,Kotak,HDFC,Android,4G,21,Wednesday,0
TXN0000000425,03-09-2024 14:57,P2M,Food,1332,SUCCESS,Karnataka,HDFC,ICICI,Android,5G,14,Tuesday,0
TXN0000000426,02-01-2024 19:51,P2P,Shopping,932,FAILED,Andhra Pradesh,IndusInd,HDFC,Web,5G,19,Tuesday,0
TXN0000000427,28-06-2024 18:14,P2P,Utilities,3014,SUCCESS,Rajasthan,SBI,HDFC,Android,4G,18,Friday,0
TXN0000000428,19-03-2024 18:50,P2M,Grocery,301,SUCCESS,Maharashtra,HDFC,HDFC,Android,4G,18,Tuesday,0
TXN0000000429,18-10-2024 01:02,P2P,Healthcare,368,SUCCESS,Maharashtra,HDFC,Yes Bank,iOS,5G,1,Friday,0
TXN0000000430,22-03-2024 05:15,P2M,Other,757,SUCCESS,Maharashtra,HDFC,SBI,Android,4G,5,Friday,0
TXN0000000431,05-12-2024 12:17,P2M,Food,241,SUCCESS,Maharashtra,HDFC,ICICI,Android,4G,12,Thursday,0
TXN0000000432,27-10-2024 13:16,P2M,Food,83,SUCCESS,Telangana,ICICI,HDFC,Android,4G,13,Sunday,1
TXN0000000433,02-11-2024 15:11,P2M,Other,197,SUCCESS,Maharashtra,SBI,SBI,Android,4G,15,Saturday,1
TXN0000000434,29-11-2024 19:02,P2M,Entertainment,378,SUCCESS,Maharashtra,SBI,SBI,Android,4G,19,Friday,0
TXN0000000435,14-04-2024 15:43,Bill Payment,Other,634,FAILED,Tamil Nadu,ICICI,SBI,iOS,WiFi,15,Sunday,1
TXN0000000436,25-05-2024 21:34,P2P,Other,604,SUCCESS,Rajasthan,ICICI,SBI,Android,5G,21,Saturday,1
TXN0000000437,12-06-2024 21:21,Bill Payment,Food,738,SUCCESS,Rajasthan,ICICI,ICICI,Android,5G,21,Wednesday,0
TXN0000000438,09-06-2024 21:35,P2P,Grocery,1898,SUCCESS,Delhi,HDFC,IndusInd,iOS,WiFi,21,Sunday,1
TXN0000000439,17-11-2024 22:50,P2M,Shopping,213,SUCCESS,Karnataka,SBI,SBI,Android,4G,22,Sunday,1
TXN0000000440,24-02-2024 19:52,P2P,Healthcare,122,SUCCESS,West Bengal,IndusInd,Yes Bank,Android,4G,19,Saturday,1
TXN0000000441,28-09-2024 12:30,P2M,Healthcare,160,SUCCESS,Uttar Pradesh,SBI,IndusInd,Android,4G,12,Saturday,1
TXN0000000442,07-03-2024 19:16,P2P,Shopping,1575,SUCCESS,Maharashtra,Axis,SBI,iOS,4G,19,Thursday,0
TXN0000000443,28-03-2024 08:35,P2M,Utilities,15583,SUCCESS,Telangana,HDFC,ICICI,Android,5G,8,Thursday,0
TXN0000000444,13-04-2024 09:59,P2P,Shopping,2950,SUCCESS,Telangana,SBI,HDFC,Android,4G,9,Saturday,1
TXN0000000445,05-08-2024 18:11,Recharge,Shopping,135,SUCCESS,Karnataka,SBI,SBI,Android,4G,18,Monday,0
TXN0000000446,04-10-2024 13:06,Bill Payment,Shopping,367,SUCCESS,Uttar Pradesh,IndusInd,SBI,Android,4G,13,Friday,0
TXN0000000447,24-10-2024 18:48,P2M,Shopping,1788,SUCCESS,Delhi,HDFC,Kotak,iOS,4G,18,Thursday,0
TXN0000000448,22-04-2024 18:11,Bill Payment,Grocery,137,SUCCESS,West Bengal,SBI,Yes Bank,Android,5G,18,Monday,0
TXN0000000449,10-06-2024 16:32,P2P,Fuel,1260,SUCCESS,Delhi,HDFC,HDFC,iOS,5G,16,Monday,0
TXN0000000450,21-05-2024 19:45,P2P,Fuel,837,SUCCESS,Gujarat,ICICI,SBI,Web,4G,19,Tuesday,0
TXN0000000451,04-01-2024 07:18,P2P,Education,1051,SUCCESS,Delhi,ICICI,SBI,Android,4G,7,Thursday,0
TXN0000000452,03-10-2024 10:31,P2M,Entertainment,322,FAILED,Maharashtra,SBI,SBI,iOS,5G,10,Thursday,0
TXN0000000453,31-10-2024 17:57,Bill Payment,Grocery,476,SUCCESS,Telangana,Axis,Axis,Android,4G,17,Thursday,0
TXN0000000454,19-02-2024 20:13,Recharge,Entertainment,588,SUCCESS,Gujarat,SBI,PNB,Android,4G,20,Monday,0
TXN0000000455,27-10-2024 09:40,P2M,Healthcare,383,SUCCESS,Telangana,PNB,SBI,iOS,5G,9,Sunday,1
TXN0000000456,23-06-2024 19:11,P2M,Food,100,SUCCESS,Telangana,IndusInd,HDFC,Android,4G,19,Sunday,1
TXN0000000457,31-05-2024 10:06,Bill Payment,Fuel,3218,SUCCESS,Telangana,Axis,Kotak,Android,3G,10,Friday,0
TXN0000000458,05-09-2024 19:36,P2P,Grocery,1363,SUCCESS,West Bengal,Axis,IndusInd,Android,WiFi,19,Thursday,0
TXN0000000459,19-02-2024 15:37,P2P,Transport,271,SUCCESS,Uttar Pradesh,ICICI,PNB,Android,WiFi,15,Monday,0
TXN0000000460,03-01-2024 12:07,P2P,Grocery,747,SUCCESS,Maharashtra,ICICI,ICICI,Android,WiFi,12,Wednesday,0
TXN0000000461,26-08-2024 17:42,P2P,Grocery,2734,SUCCESS,Uttar Pradesh,Kotak,HDFC,Android,4G,17,Monday,0
TXN0000000462,15-10-2024 20:18,Bill Payment,Utilities,3603,FAILED,Delhi,Kotak,PNB,Android,5G,20,Tuesday,0
TXN0000000463,27-12-2024 20:35,P2P,Transport,34,SUCCESS,West Bengal,HDFC,ICICI,Android,4G,20,Friday,0
TXN0000000464,23-07-2024 18:35,P2P,Food,1559,SUCCESS,Tamil Nadu,SBI,PNB,Android,3G,18,Tuesday,0
TXN0000000465,01-10-2024 20:39,Bill Payment,Utilities,372,SUCCESS,Andhra Pradesh,IndusInd,IndusInd,Android,5G,20,Tuesday,0
TXN0000000466,01-09-2024 14:16,P2P,Shopping,498,SUCCESS,Rajasthan,SBI,Kotak,Android,4G,14,Sunday,1
TXN0000000467,26-07-2024 23:51,Recharge,Entertainment,127,SUCCESS,Uttar Pradesh,Axis,ICICI,Android,4G,23,Friday,0
TXN0000000468,12-08-2024 20:17,P2P,Other,452,SUCCESS,Maharashtra,Axis,Kotak,Android,4G,20,Monday,0
TXN0000000469,21-07-2024 17:50,P2M,Shopping,2709,SUCCESS,Tamil Nadu,HDFC,Axis,Android,4G,17,Sunday,1
TXN0000000470,11-04-2024 21:21,P2P,Grocery,198,SUCCESS,Delhi,SBI,Yes Bank,Android,4G,21,Thursday,0
TXN0000000471,16-10-2024 18:35,Bill Payment,Grocery,1248,SUCCESS,Tamil Nadu,IndusInd,SBI,Android,4G,18,Wednesday,0
TXN0000000472,30-03-2024 23:10,P2P,Other,756,SUCCESS,Telangana,Kotak,IndusInd,Android,4G,23,Saturday,1
TXN0000000473,03-10-2024 18:23,P2P,Other,227,SUCCESS,Telangana,PNB,Yes Bank,Android,4G,18,Thursday,0
TXN0000000474,27-11-2024 07:55,P2M,Utilities,3388,SUCCESS,Andhra Pradesh,IndusInd,IndusInd,Android,5G,7,Wednesday,0
TXN0000000475,07-09-2024 17:13,Bill Payment,Grocery,2018,SUCCESS,West Bengal,SBI,SBI,Web,4G,17,Saturday,1
TXN0000000476,22-03-2024 18:43,P2P,Food,1205,SUCCESS,Gujarat,ICICI,Yes Bank,Android,4G,18,Friday,0
TXN0000000477,20-09-2024 21:57,P2M,Food,572,SUCCESS,Karnataka,Kotak,PNB,Android,4G,21,Friday,0
TXN0000000478,01-09-2024 12:02,Bill Payment,Shopping,800,FAILED,Uttar Pradesh,PNB,Axis,Android,4G,12,Sunday,1
TXN0000000479,09-04-2024 22:34,P2P,Shopping,881,FAILED,Maharashtra,SBI,HDFC,Android,5G,22,Tuesday,0
TXN0000000480,19-02-2024 18:44,P2M,Grocery,1537,SUCCESS,Maharashtra,IndusInd,SBI,Android,4G,18,Monday,0
TXN0000000481,05-02-2024 13:03,P2P,Other,1791,SUCCESS,Maharashtra,SBI,Yes Bank,Android,WiFi,13,Monday,0
TXN0000000482,01-01-2024 03:45,Bill Payment,Shopping,1122,SUCCESS,Maharashtra,Yes Bank,HDFC,Android,5G,3,Monday,0
TXN0000000483,04-06-2024 19:38,P2M,Other,753,SUCCESS,Andhra Pradesh,IndusInd,Axis,iOS,4G,19,Tuesday,0
TXN0000000484,21-06-2024 13:19,P2M,Transport,78,SUCCESS,Uttar Pradesh,IndusInd,SBI,Android,WiFi,13,Friday,0
TXN0000000485,08-10-2024 18:12,P2M,Shopping,308,SUCCESS,Delhi,Yes Bank,ICICI,Android,4G,18,Tuesday,0
TXN0000000486,01-12-2024 18:19,P2M,Shopping,1288,SUCCESS,West Bengal,SBI,PNB,Android,WiFi,18,Sunday,1
TXN0000000487,14-06-2024 17:19,P2P,Entertainment,500,SUCCESS,Rajasthan,ICICI,HDFC,Android,5G,17,Friday,0
TXN0000000488,26-12-2024 12:33,P2P,Transport,124,SUCCESS,Delhi,SBI,Axis,Android,4G,12,Thursday,0
TXN0000000489,25-03-2024 20:15,P2M,Grocery,244,SUCCESS,Maharashtra,SBI,SBI,iOS,5G,20,Monday,0
TXN0000000490,07-03-2024 08:50,P2P,Other,822,SUCCESS,Karnataka,IndusInd,HDFC,iOS,4G,8,Thursday,0
TXN0000000491,18-10-2024 15:11,P2M,Food,585,SUCCESS,Uttar Pradesh,HDFC,SBI,iOS,4G,15,Friday,0
TXN0000000492,13-03-2024 07:00,Bill Payment,Utilities,1605,SUCCESS,Karnataka,Axis,SBI,Android,5G,7,Wednesday,0
TXN0000000493,09-11-2024 12:45,P2P,Entertainment,247,SUCCESS,Karnataka,Axis,PNB,iOS,5G,12,Saturday,1
TXN0000000494,30-06-2024 19:33,P2P,Entertainment,893,SUCCESS,Maharashtra,PNB,ICICI,Android,4G,19,Sunday,1
TXN0000000495,13-08-2024 21:14,P2P,Food,234,SUCCESS,Tamil Nadu,HDFC,SBI,Android,4G,21,Tuesday,0
TXN0000000496,06-02-2024 14:12,Bill Payment,Other,734,SUCCESS,Tamil Nadu,SBI,SBI,Android,5G,14,Tuesday,0
TXN0000000497,21-09-2024 09:07,Bill Payment,Other,1910,FAILED,Gujarat,HDFC,HDFC,Android,4G,9,Saturday,1
TXN0000000498,01-05-2024 10:03,Bill Payment,Grocery,2462,SUCCESS,Maharashtra,Yes Bank,Yes Bank,Android,4G,10,Wednesday,0
TXN0000000499,29-07-2024 10:02,Bill Payment,Shopping,1131,SUCCESS,Maharashtra,HDFC,HDFC,Android,4G,10,Monday,0
TXN0000000500,19-08-2024 11:11,P2P,Utilities,1518,SUCCESS,Andhra Pradesh,PNB,Kotak,Android,4G,11,Monday,0
TXN0000000501,13-12-2024 07:57,P2P,Healthcare,334,SUCCESS,West Bengal,PNB,SBI,Android,4G,7,Friday,0
TXN0000000502,21-12-2024 15:03,P2P,Entertainment,283,SUCCESS,Maharashtra,Kotak,HDFC,Android,4G,15,Saturday,1
TXN0000000503,31-01-2024 13:50,P2P,Food,388,SUCCESS,Karnataka,Kotak,Yes Bank,Android,WiFi,13,Wednesday,0
TXN0000000504,30-05-2024 18:00,P2P,Other,554,FAILED,Karnataka,SBI,Kotak,Android,4G,18,Thursday,0
TXN0000000505,23-09-2024 15:13,P2M,Food,103,SUCCESS,Rajasthan,HDFC,Yes Bank,Android,5G,15,Monday,0
TXN0000000506,13-07-2024 09:45,P2P,Food,133,SUCCESS,Delhi,IndusInd,HDFC,Android,4G,9,Saturday,1
TXN0000000507,09-01-2024 05:40,Bill Payment,Other,286,SUCCESS,Andhra Pradesh,SBI,ICICI,Android,WiFi,5,Tuesday,0
TXN0000000508,09-10-2024 20:37,P2P,Entertainment,218,SUCCESS,Maharashtra,Axis,HDFC,iOS,WiFi,20,Wednesday,0
TXN0000000509,28-10-2024 21:14,P2M,Food,119,SUCCESS,Maharashtra,Yes Bank,HDFC,Android,5G,21,Monday,0
TXN0000000510,27-10-2024 16:01,P2P,Transport,189,SUCCESS,Rajasthan,HDFC,IndusInd,Android,5G,16,Sunday,1
TXN0000000511,11-01-2024 21:58,P2M,Entertainment,661,SUCCESS,Tamil Nadu,HDFC,PNB,Android,5G,21,Thursday,0
TXN0000000512,02-09-2024 19:06,P2P,Grocery,222,SUCCESS,Maharashtra,PNB,SBI,Android,WiFi,19,Monday,0
TXN0000000513,13-09-2024 09:39,P2P,Grocery,1064,SUCCESS,Tamil Nadu,ICICI,Axis,Android,4G,9,Friday,0
TXN0000000514,02-01-2024 18:12,P2P,Food,476,SUCCESS,Telangana,IndusInd,SBI,iOS,4G,18,Tuesday,0
TXN0000000515,28-06-2024 11:22,P2M,Fuel,4976,SUCCESS,Tamil Nadu,Kotak,SBI,Android,4G,11,Friday,0
TXN0000000516,30-08-2024 09:35,P2M,Fuel,4305,SUCCESS,Telangana,HDFC,Axis,Android,4G,9,Friday,0
TXN0000000517,08-02-2024 13:43,P2M,Food,497,SUCCESS,Maharashtra,Yes Bank,IndusInd,iOS,4G,13,Thursday,0
TXN0000000518,20-03-2024 11:10,P2P,Food,265,SUCCESS,West Bengal,HDFC,SBI,iOS,5G,11,Wednesday,0
TXN0000000519,12-09-2024 02:30,P2M,Entertainment,1715,SUCCESS,Telangana,SBI,HDFC,iOS,5G,2,Thursday,0
TXN0000000520,16-06-2024 08:16,Recharge,Shopping,166,SUCCESS,Uttar Pradesh,SBI,PNB,Android,4G,8,Sunday,1
TXN0000000521,21-05-2024 18:45,Bill Payment,Other,432,SUCCESS,Karnataka,HDFC,PNB,Android,WiFi,18,Tuesday,0
TXN0000000522,12-02-2024 06:59,P2M,Shopping,9541,SUCCESS,Tamil Nadu,IndusInd,Axis,Android,4G,6,Monday,0
TXN0000000523,10-05-2024 13:25,Recharge,Grocery,1086,SUCCESS,Delhi,ICICI,SBI,Android,5G,13,Friday,0
TXN0000000524,29-03-2024 18:04,Bill Payment,Fuel,473,SUCCESS,Rajasthan,Yes Bank,IndusInd,iOS,4G,18,Friday,0
TXN0000000525,26-01-2024 22:25,P2M,Shopping,646,SUCCESS,Delhi,SBI,SBI,Android,4G,22,Friday,0
TXN0000000526,16-08-2024 01:17,P2P,Utilities,2243,SUCCESS,Rajasthan,PNB,Axis,Android,4G,1,Friday,0
TXN0000000527,11-09-2024 10:40,P2P,Entertainment,123,SUCCESS,Uttar Pradesh,SBI,Yes Bank,Android,5G,10,Wednesday,0
TXN0000000528,19-05-2024 16:32,P2P,Healthcare,966,SUCCESS,Maharashtra,IndusInd,PNB,Android,4G,16,Sunday,1
TXN0000000529,15-08-2024 03:12,P2M,Education,3795,SUCCESS,Rajasthan,SBI,Axis,Android,5G,3,Thursday,0
TXN0000000530,15-09-2024 23:27,P2P,Utilities,3474,SUCCESS,Delhi,Axis,Axis,Android,5G,23,Sunday,1
TXN0000000531,14-01-2024 19:41,Recharge,Shopping,6859,SUCCESS,West Bengal,HDFC,Kotak,Android,4G,19,Sunday,1
TXN0000000532,19-08-2024 16:33,P2P,Grocery,248,SUCCESS,Karnataka,PNB,Kotak,Android,4G,16,Monday,0
TXN0000000533,10-12-2024 12:35,Recharge,Transport,73,SUCCESS,Tamil Nadu,HDFC,ICICI,Web,4G,12,Tuesday,0
TXN0000000534,25-10-2024 15:55,P2M,Grocery,909,FAILED,Maharashtra,PNB,IndusInd,Android,4G,15,Friday,0
TXN0000000535,23-08-2024 11:58,Bill Payment,Grocery,375,SUCCESS,West Bengal,IndusInd,Axis,iOS,4G,11,Friday,0
TXN0000000536,02-01-2024 22:04,P2M,Utilities,293,SUCCESS,Delhi,SBI,SBI,iOS,4G,22,Tuesday,0
TXN0000000537,12-04-2024 10:32,P2M,Other,444,SUCCESS,Karnataka,PNB,IndusInd,Android,5G,10,Friday,0
TXN0000000538,22-08-2024 22:38,P2M,Fuel,2065,SUCCESS,Uttar Pradesh,ICICI,Yes Bank,Android,5G,22,Thursday,0
TXN0000000539,08-02-2024 15:31,P2P,Utilities,4001,SUCCESS,Tamil Nadu,IndusInd,IndusInd,Android,4G,15,Thursday,0
TXN0000000540,17-12-2024 14:41,P2P,Shopping,631,SUCCESS,Uttar Pradesh,Kotak,PNB,Android,3G,14,Tuesday,0
TXN0000000541,20-01-2024 14:25,P2M,Transport,337,SUCCESS,Karnataka,SBI,IndusInd,Android,5G,14,Saturday,1
TXN0000000542,22-11-2024 06:54,P2M,Entertainment,725,SUCCESS,Andhra Pradesh,Yes Bank,Yes Bank,iOS,4G,6,Friday,0
TXN0000000543,02-04-2024 17:13,P2M,Shopping,811,SUCCESS,Rajasthan,HDFC,ICICI,Android,4G,17,Tuesday,0
TXN0000000544,04-09-2024 14:39,P2M,Fuel,3673,SUCCESS,Maharashtra,Yes Bank,ICICI,Android,4G,14,Wednesday,0
TXN0000000545,24-06-2024 16:21,P2P,Other,376,SUCCESS,Rajasthan,SBI,Yes Bank,Android,WiFi,16,Monday,0
TXN0000000546,24-02-2024 18:55,P2P,Food,453,SUCCESS,West Bengal,IndusInd,Kotak,Android,WiFi,18,Saturday,1
TXN0000000547,29-03-2024 18:31,P2M,Shopping,5220,SUCCESS,West Bengal,SBI,Kotak,Android,5G,18,Friday,0
TXN0000000548,14-12-2024 09:45,P2P,Grocery,316,FAILED,Maharashtra,SBI,ICICI,iOS,5G,9,Saturday,1
TXN0000000549,06-08-2024 17:35,Recharge,Entertainment,705,SUCCESS,Uttar Pradesh,SBI,ICICI,Android,4G,17,Tuesday,0
TXN0000000550,30-12-2024 20:38,P2P,Food,378,SUCCESS,Uttar Pradesh,ICICI,ICICI,Android,4G,20,Monday,0
TXN0000000551,12-11-2024 17:59,P2P,Fuel,2170,SUCCESS,Andhra Pradesh,HDFC,HDFC,Android,4G,17,Tuesday,0
TXN0000000552,20-12-2024 20:56,P2M,Food,496,SUCCESS,Delhi,SBI,HDFC,Android,5G,20,Friday,0
TXN0000000553,10-06-2024 18:03,P2M,Shopping,8360,SUCCESS,Telangana,HDFC,IndusInd,Android,4G,18,Monday,0
TXN0000000554,20-10-2024 18:51,P2M,Food,228,SUCCESS,Delhi,Yes Bank,PNB,Android,4G,18,Sunday,1
TXN0000000555,01-02-2024 20:45,P2P,Grocery,465,SUCCESS,Rajasthan,Yes Bank,ICICI,Android,WiFi,20,Thursday,0
TXN0000000556,23-04-2024 13:40,P2P,Utilities,4885,SUCCESS,Tamil Nadu,SBI,Yes Bank,iOS,5G,13,Tuesday,0
TXN0000000557,30-03-2024 20:52,P2M,Fuel,564,SUCCESS,Karnataka,IndusInd,SBI,Android,WiFi,20,Saturday,1
TXN0000000558,28-01-2024 21:23,P2M,Shopping,3336,SUCCESS,Maharashtra,HDFC,IndusInd,Android,WiFi,21,Sunday,1
TXN0000000559,18-12-2024 16:11,P2M,Utilities,2020,SUCCESS,Rajasthan,IndusInd,PNB,Android,4G,16,Wednesday,0
TXN0000000560,16-07-2024 19:42,P2P,Grocery,231,SUCCESS,Karnataka,SBI,Kotak,iOS,4G,19,Tuesday,0
TXN0000000561,15-10-2024 21:51,P2P,Shopping,1043,SUCCESS,Andhra Pradesh,SBI,ICICI,Android,4G,21,Tuesday,0
TXN0000000562,03-01-2024 12:48,P2M,Utilities,3858,SUCCESS,Telangana,Yes Bank,SBI,Android,4G,12,Wednesday,0
TXN0000000563,02-08-2024 12:47,Bill Payment,Shopping,1519,SUCCESS,Rajasthan,SBI,Kotak,iOS,4G,12,Friday,0
TXN0000000564,06-10-2024 22:23,P2P,Grocery,502,SUCCESS,Delhi,Axis,SBI,Android,4G,22,Sunday,1
TXN0000000565,29-12-2024 22:21,P2M,Shopping,3927,SUCCESS,Karnataka,HDFC,Axis,Android,4G,22,Sunday,1
TXN0000000566,24-08-2024 09:05,P2M,Grocery,3803,SUCCESS,Andhra Pradesh,Yes Bank,PNB,iOS,3G,9,Saturday,1
TXN0000000567,07-10-2024 04:53,P2P,Grocery,2533,SUCCESS,Rajasthan,Yes Bank,Kotak,Android,3G,4,Monday,0
TXN0000000568,01-03-2024 19:06,Bill Payment,Utilities,6857,SUCCESS,West Bengal,Axis,Kotak,Android,4G,19,Friday,0
TXN0000000569,07-08-2024 15:10,P2M,Utilities,645,SUCCESS,Tamil Nadu,HDFC,PNB,Web,4G,15,Wednesday,0
TXN0000000570,28-05-2024 09:51,P2P,Shopping,4394,SUCCESS,Karnataka,SBI,HDFC,Android,4G,9,Tuesday,0
TXN0000000571,01-03-2024 20:59,P2M,Grocery,93,SUCCESS,Uttar Pradesh,IndusInd,Axis,Android,4G,20,Friday,0
TXN0000000572,17-03-2024 18:28,Bill Payment,Transport,191,SUCCESS,Uttar Pradesh,ICICI,PNB,Android,4G,18,Sunday,1
TXN0000000573,26-06-2024 11:38,Bill Payment,Food,668,SUCCESS,West Bengal,IndusInd,Kotak,iOS,4G,11,Wednesday,0
TXN0000000574,10-11-2024 12:45,P2M,Entertainment,88,SUCCESS,Andhra Pradesh,SBI,IndusInd,Android,4G,12,Sunday,1
TXN0000000575,29-04-2024 16:01,P2M,Shopping,1371,SUCCESS,West Bengal,SBI,SBI,Android,4G,16,Monday,0
TXN0000000576,05-09-2024 14:59,P2M,Healthcare,214,SUCCESS,Rajasthan,SBI,SBI,Android,4G,14,Thursday,0
TXN0000000577,29-07-2024 10:55,P2P,Shopping,776,SUCCESS,Uttar Pradesh,ICICI,PNB,Android,5G,10,Monday,0
TXN0000000578,04-04-2024 13:43,P2M,Utilities,3101,SUCCESS,Telangana,SBI,SBI,Android,4G,13,Thursday,0
TXN0000000579,29-04-2024 21:19,P2M,Transport,655,SUCCESS,Tamil Nadu,SBI,IndusInd,iOS,4G,21,Monday,0
TXN0000000580,21-07-2024 13:00,P2P,Utilities,2332,SUCCESS,Maharashtra,Axis,ICICI,Android,4G,13,Sunday,1
TXN0000000581,18-08-2024 14:20,Bill Payment,Grocery,1287,SUCCESS,Maharashtra,SBI,SBI,Web,4G,14,Sunday,1
TXN0000000582,25-10-2024 21:53,P2P,Shopping,869,SUCCESS,Uttar Pradesh,Axis,Kotak,iOS,5G,21,Friday,0
TXN0000000583,26-11-2024 21:06,P2M,Utilities,325,SUCCESS,West Bengal,Kotak,SBI,iOS,4G,21,Tuesday,0
TXN0000000584,02-11-2024 07:39,P2P,Fuel,653,SUCCESS,Delhi,ICICI,IndusInd,Web,5G,7,Saturday,1
TXN0000000585,15-09-2024 08:12,P2M,Shopping,5196,SUCCESS,Maharashtra,PNB,SBI,iOS,WiFi,8,Sunday,1
TXN0000000586,04-10-2024 19:37,P2P,Entertainment,766,SUCCESS,Andhra Pradesh,HDFC,Kotak,Android,4G,19,Friday,0
TXN0000000587,04-12-2024 17:24,Bill Payment,Grocery,1006,SUCCESS,West Bengal,SBI,HDFC,Android,4G,17,Wednesday,0
TXN0000000588,13-11-2024 19:13,P2P,Transport,126,FAILED,Rajasthan,HDFC,PNB,Android,5G,19,Wednesday,0
TXN0000000589,13-12-2024 17:38,P2P,Grocery,1944,SUCCESS,Gujarat,Axis,PNB,Android,5G,17,Friday,0
TXN0000000590,03-09-2024 14:50,P2M,Grocery,1623,SUCCESS,Gujarat,Yes Bank,Axis,Android,4G,14,Tuesday,0
TXN0000000591,20-05-2024 23:23,P2P,Food,113,SUCCESS,Delhi,IndusInd,ICICI,Android,4G,23,Monday,0
TXN0000000592,04-07-2024 12:45,P2M,Grocery,914,SUCCESS,Rajasthan,PNB,Kotak,Android,5G,12,Thursday,0
TXN0000000593,27-08-2024 12:30,P2M,Utilities,629,SUCCESS,Tamil Nadu,IndusInd,HDFC,Android,4G,12,Tuesday,0
TXN0000000594,13-03-2024 12:57,P2P,Other,646,SUCCESS,Delhi,ICICI,SBI,iOS,5G,12,Wednesday,0
TXN0000000595,27-01-2024 16:26,P2P,Shopping,679,SUCCESS,Gujarat,Kotak,ICICI,iOS,4G,16,Saturday,1
TXN0000000596,03-11-2024 18:06,P2P,Food,460,SUCCESS,Maharashtra,Axis,ICICI,Android,3G,18,Sunday,1
TXN0000000597,12-01-2024 21:52,P2P,Utilities,2673,SUCCESS,Maharashtra,HDFC,Axis,Android,4G,21,Friday,0
TXN0000000598,22-11-2024 11:55,P2P,Grocery,389,SUCCESS,Gujarat,ICICI,HDFC,Android,3G,11,Friday,0
TXN0000000599,25-10-2024 04:31,P2P,Grocery,654,SUCCESS,Maharashtra,Yes Bank,IndusInd,Android,4G,4,Friday,0
TXN0000000600,17-09-2024 17:18,P2P,Entertainment,448,SUCCESS,Tamil Nadu,HDFC,Kotak,iOS,5G,17,Tuesday,0
TXN0000000601,27-02-2024 16:08,P2M,Other,510,SUCCESS,Maharashtra,Axis,HDFC,iOS,WiFi,16,Tuesday,0
TXN0000000602,07-11-2024 20:10,P2M,Grocery,303,SUCCESS,Telangana,Kotak,SBI,Android,4G,20,Thursday,0
TXN0000000603,26-03-2024 22:24,P2P,Grocery,1406,SUCCESS,Karnataka,PNB,Kotak,Android,4G,22,Tuesday,0
TXN0000000604,17-10-2024 19:17,P2P,Healthcare,873,SUCCESS,Gujarat,SBI,PNB,iOS,3G,19,Thursday,0
TXN0000000605,20-03-2024 16:19,P2P,Entertainment,1094,SUCCESS,Karnataka,IndusInd,IndusInd,iOS,3G,16,Wednesday,0
TXN0000000606,11-06-2024 18:24,Bill Payment,Other,2596,SUCCESS,Tamil Nadu,HDFC,SBI,iOS,5G,18,Tuesday,0
TXN0000000607,26-06-2024 15:11,P2M,Grocery,661,SUCCESS,Gujarat,Axis,SBI,Android,4G,15,Wednesday,0
TXN0000000608,24-05-2024 16:20,P2M,Entertainment,671,SUCCESS,West Bengal,Axis,Kotak,Web,4G,16,Friday,0
TXN0000000609,15-05-2024 16:04,P2P,Food,107,SUCCESS,Gujarat,Axis,HDFC,Android,WiFi,16,Wednesday,0
TXN0000000610,29-03-2024 21:52,Bill Payment,Healthcare,1688,SUCCESS,Karnataka,HDFC,SBI,Android,WiFi,21,Friday,0
TXN0000000611,06-09-2024 19:09,P2P,Entertainment,196,SUCCESS,Karnataka,IndusInd,IndusInd,Android,4G,19,Friday,0
TXN0000000612,11-10-2024 12:40,Bill Payment,Food,408,SUCCESS,Maharashtra,Axis,SBI,Android,4G,12,Friday,0
TXN0000000613,10-06-2024 13:59,P2M,Transport,401,SUCCESS,Andhra Pradesh,IndusInd,ICICI,iOS,3G,13,Monday,0
TXN0000000614,16-10-2024 12:31,P2M,Grocery,208,SUCCESS,Uttar Pradesh,HDFC,SBI,iOS,WiFi,12,Wednesday,0
TXN0000000615,12-02-2024 18:46,P2P,Transport,1496,SUCCESS,Uttar Pradesh,ICICI,SBI,Android,4G,18,Monday,0
TXN0000000616,13-12-2024 16:21,Recharge,Shopping,331,SUCCESS,Tamil Nadu,SBI,Axis,iOS,4G,16,Friday,0
TXN0000000617,11-09-2024 09:02,P2P,Grocery,301,SUCCESS,Telangana,SBI,ICICI,Android,4G,9,Wednesday,0
TXN0000000618,04-09-2024 12:54,P2P,Food,70,SUCCESS,Maharashtra,HDFC,IndusInd,iOS,4G,12,Wednesday,0
TXN0000000619,11-03-2024 22:44,P2P,Other,581,SUCCESS,Telangana,ICICI,PNB,Android,4G,22,Monday,0
TXN0000000620,21-05-2024 23:50,P2P,Education,7282,SUCCESS,Uttar Pradesh,SBI,ICICI,Android,4G,23,Tuesday,0
TXN0000000621,21-11-2024 12:33,P2P,Grocery,1228,SUCCESS,Maharashtra,SBI,ICICI,Web,4G,12,Thursday,0
TXN0000000622,05-10-2024 14:48,P2M,Grocery,948,SUCCESS,Tamil Nadu,Kotak,SBI,Android,WiFi,14,Saturday,1
TXN0000000623,30-11-2024 12:36,P2P,Utilities,1097,SUCCESS,Uttar Pradesh,ICICI,SBI,Android,4G,12,Saturday,1
TXN0000000624,23-05-2024 18:19,P2M,Transport,597,SUCCESS,Telangana,ICICI,Yes Bank,Android,4G,18,Thursday,0
TXN0000000625,30-10-2024 15:42,P2M,Fuel,419,SUCCESS,Delhi,IndusInd,Kotak,iOS,4G,15,Wednesday,0
TXN0000000626,12-07-2024 17:20,P2P,Transport,151,SUCCESS,Uttar Pradesh,ICICI,IndusInd,Android,4G,17,Friday,0
TXN0000000627,27-01-2024 20:33,P2M,Food,327,SUCCESS,Tamil Nadu,ICICI,SBI,Android,WiFi,20,Saturday,1
TXN0000000628,21-05-2024 10:17,P2M,Food,68,SUCCESS,Karnataka,Yes Bank,HDFC,Android,4G,10,Tuesday,0
TXN0000000629,04-06-2024 21:10,P2M,Utilities,5176,SUCCESS,Gujarat,Kotak,PNB,Android,4G,21,Tuesday,0
TXN0000000630,02-08-2024 18:24,P2M,Fuel,1172,SUCCESS,Telangana,Axis,Yes Bank,Android,4G,18,Friday,0
TXN0000000631,25-03-2024 19:45,P2P,Shopping,244,SUCCESS,Rajasthan,IndusInd,PNB,Android,3G,19,Monday,0
TXN0000000632,28-06-2024 05:25,P2M,Entertainment,215,SUCCESS,West Bengal,SBI,HDFC,Android,4G,5,Friday,0
TXN0000000633,20-10-2024 13:13,Bill Payment,Fuel,349,SUCCESS,Gujarat,IndusInd,IndusInd,Android,5G,13,Sunday,1
TXN0000000634,08-02-2024 18:15,P2P,Grocery,197,FAILED,Karnataka,IndusInd,SBI,Android,WiFi,18,Thursday,0
TXN0000000635,27-10-2024 05:55,P2M,Food,1107,SUCCESS,Gujarat,Axis,IndusInd,Android,4G,5,Sunday,1
TXN0000000636,09-06-2024 09:30,P2P,Food,135,SUCCESS,Gujarat,SBI,SBI,Android,WiFi,9,Sunday,1
TXN0000000637,28-07-2024 13:10,Bill Payment,Utilities,2362,SUCCESS,Tamil Nadu,ICICI,Kotak,Android,4G,13,Sunday,1
TXN0000000638,27-05-2024 00:11,P2P,Shopping,422,SUCCESS,Maharashtra,IndusInd,Kotak,Android,4G,0,Monday,0
TXN0000000639,26-11-2024 11:56,P2P,Grocery,3084,SUCCESS,Telangana,Yes Bank,SBI,Web,4G,11,Tuesday,0
TXN0000000640,24-07-2024 10:13,P2P,Entertainment,1001,SUCCESS,Uttar Pradesh,ICICI,SBI,Android,4G,10,Wednesday,0
TXN0000000641,06-08-2024 20:01,P2P,Transport,98,SUCCESS,Andhra Pradesh,ICICI,ICICI,Android,4G,20,Tuesday,0
TXN0000000642,15-04-2024 18:03,Bill Payment,Education,14968,SUCCESS,Maharashtra,Kotak,SBI,Web,3G,18,Monday,0
TXN0000000643,30-10-2024 18:25,P2P,Food,135,SUCCESS,Andhra Pradesh,SBI,SBI,Web,5G,18,Wednesday,0
TXN0000000644,28-12-2024 20:30,P2M,Transport,287,SUCCESS,Andhra Pradesh,SBI,SBI,Android,3G,20,Saturday,1
TXN0000000645,11-04-2024 17:42,P2M,Fuel,607,SUCCESS,Rajasthan,HDFC,SBI,Android,3G,17,Thursday,0
TXN0000000646,20-03-2024 14:33,P2P,Grocery,892,SUCCESS,Tamil Nadu,HDFC,SBI,iOS,4G,14,Wednesday,0
TXN0000000647,28-07-2024 20:32,P2P,Grocery,304,SUCCESS,Delhi,PNB,ICICI,Android,3G,20,Sunday,1
TXN0000000648,09-06-2024 16:54,P2P,Grocery,584,SUCCESS,Telangana,SBI,Axis,Android,4G,16,Sunday,1
TXN0000000649,23-08-2024 22:30,P2M,Transport,635,SUCCESS,Telangana,ICICI,Yes Bank,Android,5G,22,Friday,0
TXN0000000650,20-11-2024 16:25,P2P,Education,2093,SUCCESS,Delhi,SBI,Axis,Web,4G,16,Wednesday,0
TXN0000000651,25-11-2024 21:16,P2P,Shopping,181,SUCCESS,West Bengal,HDFC,HDFC,iOS,4G,21,Monday,0
TXN0000000652,25-06-2024 20:46,P2P,Shopping,758,SUCCESS,West Bengal,SBI,SBI,Web,5G,20,Tuesday,0
TXN0000000653,22-09-2024 09:50,P2M,Food,452,SUCCESS,Delhi,IndusInd,SBI,Android,WiFi,9,Sunday,1
TXN0000000654,05-05-2024 16:59,P2P,Fuel,454,SUCCESS,Delhi,HDFC,IndusInd,Android,3G,16,Sunday,1
TXN0000000655,24-08-2024 10:07,Recharge,Grocery,191,SUCCESS,Tamil Nadu,HDFC,PNB,Android,5G,10,Saturday,1
TXN0000000656,16-12-2024 13:17,P2P,Healthcare,545,SUCCESS,Telangana,SBI,HDFC,Android,5G,13,Monday,0
TXN0000000657,29-07-2024 19:50,P2M,Grocery,2036,SUCCESS,Rajasthan,Axis,SBI,Android,4G,19,Monday,0
TXN0000000658,12-10-2024 13:52,P2P,Food,471,SUCCESS,Delhi,ICICI,IndusInd,Android,4G,13,Saturday,1
TXN0000000659,27-06-2024 05:42,P2M,Shopping,358,SUCCESS,Delhi,ICICI,Kotak,Web,4G,5,Thursday,0
TXN0000000660,12-07-2024 16:58,P2P,Education,1222,FAILED,Uttar Pradesh,IndusInd,PNB,Android,5G,16,Friday,0
TXN0000000661,13-06-2024 11:05,P2M,Transport,105,SUCCESS,Karnataka,Axis,SBI,Android,4G,11,Thursday,0
TXN0000000662,15-01-2024 15:04,P2M,Food,166,SUCCESS,Delhi,IndusInd,Axis,Android,4G,15,Monday,0
TXN0000000663,11-02-2024 17:41,P2P,Shopping,1536,SUCCESS,Delhi,IndusInd,SBI,Android,4G,17,Sunday,1
TXN0000000664,05-10-2024 19:30,P2M,Education,20396,SUCCESS,Andhra Pradesh,SBI,Kotak,iOS,4G,19,Saturday,1
TXN0000000665,04-10-2024 21:17,P2P,Other,165,FAILED,Telangana,Yes Bank,HDFC,Android,4G,21,Friday,0
TXN0000000666,03-09-2024 21:59,P2M,Education,7115,FAILED,West Bengal,HDFC,IndusInd,Android,WiFi,21,Tuesday,0
TXN0000000667,16-03-2024 21:22,P2M,Shopping,792,SUCCESS,Karnataka,SBI,Yes Bank,Web,4G,21,Saturday,1
TXN0000000668,02-08-2024 18:22,P2P,Grocery,1568,SUCCESS,Tamil Nadu,ICICI,SBI,Android,4G,18,Friday,0
TXN0000000669,29-08-2024 23:01,Bill Payment,Healthcare,477,SUCCESS,Andhra Pradesh,SBI,IndusInd,Android,5G,23,Thursday,0
TXN0000000670,27-08-2024 20:25,P2P,Other,261,SUCCESS,Maharashtra,Axis,HDFC,Android,WiFi,20,Tuesday,0
TXN0000000671,08-08-2024 17:00,Bill Payment,Shopping,791,SUCCESS,Andhra Pradesh,HDFC,SBI,Android,4G,17,Thursday,0
TXN0000000672,08-01-2024 19:32,P2M,Food,74,SUCCESS,West Bengal,HDFC,ICICI,Android,4G,19,Monday,0
TXN0000000673,07-10-2024 21:11,P2P,Grocery,1023,SUCCESS,Gujarat,ICICI,Axis,Android,4G,21,Monday,0
TXN0000000674,16-12-2024 21:26,P2M,Grocery,588,SUCCESS,Rajasthan,PNB,PNB,Android,4G,21,Monday,0
TXN0000000675,22-11-2024 11:31,P2M,Utilities,3195,SUCCESS,West Bengal,ICICI,Axis,Android,WiFi,11,Friday,0
TXN0000000676,06-01-2024 14:24,Recharge,Entertainment,436,SUCCESS,Karnataka,ICICI,Axis,Android,4G,14,Saturday,1
TXN0000000677,05-06-2024 14:35,P2P,Other,497,SUCCESS,Karnataka,IndusInd,Axis,iOS,4G,14,Wednesday,0
TXN0000000678,09-03-2024 08:40,P2P,Other,416,FAILED,Rajasthan,HDFC,Axis,Android,WiFi,8,Saturday,1
TXN0000000679,31-08-2024 08:01,Bill Payment,Shopping,432,SUCCESS,Delhi,PNB,Yes Bank,Android,5G,8,Saturday,1
TXN0000000680,01-09-2024 15:07,Bill Payment,Fuel,557,SUCCESS,Gujarat,SBI,Yes Bank,iOS,4G,15,Sunday,1
TXN0000000681,08-04-2024 16:58,P2M,Fuel,824,SUCCESS,Andhra Pradesh,Yes Bank,SBI,Android,4G,16,Monday,0
TXN0000000682,14-05-2024 17:31,P2M,Food,1347,SUCCESS,Maharashtra,Kotak,SBI,Android,3G,17,Tuesday,0
TXN0000000683,17-08-2024 17:52,P2M,Utilities,1423,SUCCESS,Uttar Pradesh,HDFC,SBI,Android,3G,17,Saturday,1
TXN0000000684,11-11-2024 20:35,P2M,Shopping,3969,FAILED,Karnataka,SBI,SBI,iOS,5G,20,Monday,0
TXN0000000685,09-01-2024 10:41,P2P,Other,598,SUCCESS,Tamil Nadu,IndusInd,SBI,Android,4G,10,Tuesday,0
TXN0000000686,20-01-2024 21:38,P2M,Entertainment,237,SUCCESS,Karnataka,PNB,SBI,iOS,4G,21,Saturday,1
TXN0000000687,11-11-2024 06:54,P2M,Shopping,1880,SUCCESS,Karnataka,IndusInd,SBI,Android,4G,6,Monday,0
TXN0000000688,08-04-2024 20:23,P2M,Fuel,516,SUCCESS,Gujarat,HDFC,SBI,Android,WiFi,20,Monday,0
TXN0000000689,25-10-2024 23:37,P2P,Food,164,SUCCESS,Telangana,PNB,Yes Bank,Android,4G,23,Friday,0
TXN0000000690,04-02-2024 18:09,P2M,Grocery,3200,SUCCESS,Maharashtra,SBI,Yes Bank,iOS,4G,18,Sunday,1
TXN0000000691,27-06-2024 13:51,P2P,Education,1719,SUCCESS,Telangana,HDFC,SBI,Android,WiFi,13,Thursday,0
TXN0000000692,11-03-2024 20:04,P2M,Other,203,SUCCESS,Rajasthan,SBI,Kotak,Android,WiFi,20,Monday,0
TXN0000000693,09-06-2024 16:07,Bill Payment,Fuel,2126,SUCCESS,Maharashtra,Axis,Yes Bank,Android,5G,16,Sunday,1
TXN0000000694,13-09-2024 16:41,P2P,Fuel,1437,SUCCESS,Gujarat,ICICI,ICICI,iOS,WiFi,16,Friday,0
TXN0000000695,18-01-2024 12:12,P2P,Utilities,2228,SUCCESS,Telangana,SBI,Axis,Android,4G,12,Thursday,0
TXN0000000696,10-01-2024 01:41,P2P,Education,1312,FAILED,Telangana,SBI,HDFC,Android,4G,1,Wednesday,0
TXN0000000697,04-01-2024 05:05,P2P,Utilities,5764,SUCCESS,Tamil Nadu,SBI,IndusInd,Android,4G,5,Thursday,0
TXN0000000698,19-11-2024 10:09,Bill Payment,Grocery,3765,SUCCESS,Uttar Pradesh,ICICI,HDFC,iOS,5G,10,Tuesday,0
TXN0000000699,08-08-2024 21:59,P2M,Utilities,3122,SUCCESS,Maharashtra,SBI,PNB,Android,5G,21,Thursday,0
TXN0000000700,29-09-2024 21:11,P2P,Shopping,440,SUCCESS,Maharashtra,Yes Bank,IndusInd,iOS,4G,21,Sunday,1
TXN0000000701,16-06-2024 23:19,P2P,Food,1070,SUCCESS,Telangana,IndusInd,IndusInd,Web,4G,23,Sunday,1
TXN0000000702,28-06-2024 18:54,P2P,Healthcare,421,SUCCESS,Maharashtra,ICICI,IndusInd,Android,WiFi,18,Friday,0
TXN0000000703,18-04-2024 20:18,P2M,Grocery,2055,SUCCESS,West Bengal,PNB,ICICI,Android,5G,20,Thursday,0
TXN0000000704,23-07-2024 18:27,P2P,Shopping,4081,SUCCESS,Telangana,SBI,HDFC,iOS,4G,18,Tuesday,0
TXN0000000705,18-03-2024 15:52,P2M,Food,1659,SUCCESS,Maharashtra,SBI,Yes Bank,Android,4G,15,Monday,0
TXN0000000706,01-05-2024 18:23,P2P,Grocery,314,SUCCESS,Tamil Nadu,SBI,Kotak,Android,4G,18,Wednesday,0
TXN0000000707,29-04-2024 19:48,Bill Payment,Fuel,2962,SUCCESS,Karnataka,SBI,Yes Bank,Android,4G,19,Monday,0
TXN0000000708,25-12-2024 16:42,P2P,Grocery,197,SUCCESS,Maharashtra,ICICI,IndusInd,iOS,4G,16,Wednesday,0
TXN0000000709,11-04-2024 10:16,P2P,Transport,105,SUCCESS,Andhra Pradesh,Axis,PNB,Android,4G,10,Thursday,0
TXN0000000710,27-02-2024 17:09,P2M,Food,103,SUCCESS,Uttar Pradesh,Yes Bank,Axis,Android,WiFi,17,Tuesday,0
TXN0000000711,02-05-2024 22:55,P2P,Other,324,SUCCESS,West Bengal,IndusInd,Axis,iOS,4G,22,Thursday,0
TXN0000000712,07-06-2024 13:19,P2M,Transport,131,SUCCESS,Gujarat,Axis,SBI,Android,5G,13,Friday,0
TXN0000000713,05-03-2024 22:55,P2P,Utilities,3092,SUCCESS,Andhra Pradesh,Axis,ICICI,Android,4G,22,Tuesday,0
TXN0000000714,08-07-2024 21:30,P2M,Transport,40,SUCCESS,Maharashtra,SBI,HDFC,Web,4G,21,Monday,0
TXN0000000715,01-09-2024 23:57,Bill Payment,Entertainment,258,SUCCESS,Telangana,Axis,SBI,Android,5G,23,Sunday,1
TXN0000000716,22-04-2024 11:33,P2P,Shopping,6048,SUCCESS,Tamil Nadu,HDFC,ICICI,Android,4G,11,Monday,0
TXN0000000717,07-04-2024 19:57,P2M,Transport,563,SUCCESS,Telangana,HDFC,SBI,Android,4G,19,Sunday,1
TXN0000000718,19-03-2024 16:20,P2M,Grocery,1835,SUCCESS,Tamil Nadu,ICICI,SBI,Android,5G,16,Tuesday,0
TXN0000000719,30-09-2024 23:00,P2M,Transport,85,SUCCESS,Maharashtra,Kotak,Axis,iOS,4G,23,Monday,0
TXN0000000720,25-04-2024 19:50,P2P,Grocery,883,SUCCESS,Delhi,SBI,Yes Bank,Android,5G,19,Thursday,0
TXN0000000721,12-07-2024 12:10,P2P,Entertainment,899,SUCCESS,Uttar Pradesh,HDFC,Yes Bank,Android,4G,12,Friday,0
TXN0000000722,12-05-2024 23:48,Bill Payment,Education,573,SUCCESS,Karnataka,Yes Bank,HDFC,Android,5G,23,Sunday,1
TXN0000000723,14-03-2024 19:56,P2M,Fuel,324,SUCCESS,Karnataka,SBI,Axis,Android,WiFi,19,Thursday,0
TXN0000000724,19-12-2024 05:54,P2M,Grocery,96,SUCCESS,Maharashtra,PNB,Yes Bank,Android,5G,5,Thursday,0
TXN0000000725,20-01-2024 21:05,P2M,Grocery,151,SUCCESS,Telangana,Yes Bank,PNB,Android,5G,21,Saturday,1
TXN0000000726,27-12-2024 08:56,P2M,Utilities,266,SUCCESS,Maharashtra,IndusInd,Kotak,Android,4G,8,Friday,0
TXN0000000727,20-02-2024 19:50,Bill Payment,Shopping,188,SUCCESS,Uttar Pradesh,Yes Bank,SBI,Android,4G,19,Tuesday,0
TXN0000000728,26-11-2024 15:53,P2P,Utilities,1682,SUCCESS,Andhra Pradesh,PNB,Kotak,Android,4G,15,Tuesday,0
TXN0000000729,05-10-2024 10:30,P2M,Other,927,SUCCESS,Telangana,SBI,Yes Bank,Android,5G,10,Saturday,1
TXN0000000730,23-12-2024 10:33,Bill Payment,Fuel,318,SUCCESS,Uttar Pradesh,ICICI,HDFC,Android,5G,10,Monday,0
TXN0000000731,14-10-2024 18:41,P2M,Fuel,973,SUCCESS,Karnataka,HDFC,PNB,Android,WiFi,18,Monday,0
TXN0000000732,09-07-2024 14:46,P2P,Fuel,619,SUCCESS,Delhi,Kotak,SBI,Android,4G,14,Tuesday,0
TXN0000000733,14-02-2024 21:40,Bill Payment,Other,243,SUCCESS,Karnataka,Axis,SBI,Android,4G,21,Wednesday,0
TXN0000000734,16-04-2024 10:26,P2P,Utilities,4103,SUCCESS,Karnataka,Axis,ICICI,Web,4G,10,Tuesday,0
TXN0000000735,20-04-2024 09:39,P2M,Shopping,738,SUCCESS,Uttar Pradesh,SBI,SBI,Android,3G,9,Saturday,1
TXN0000000736,15-12-2024 20:09,P2M,Shopping,440,SUCCESS,Andhra Pradesh,SBI,PNB,Android,4G,20,Sunday,1
TXN0000000737,26-08-2024 21:59,Bill Payment,Grocery,2150,SUCCESS,Tamil Nadu,SBI,HDFC,Android,3G,21,Monday,0
TXN0000000738,31-05-2024 15:37,P2M,Other,412,SUCCESS,Maharashtra,HDFC,PNB,iOS,4G,15,Friday,0
TXN0000000739,26-07-2024 07:02,Bill Payment,Transport,69,FAILED,Andhra Pradesh,Yes Bank,IndusInd,iOS,4G,7,Friday,0
TXN0000000740,21-06-2024 18:51,P2P,Fuel,1742,SUCCESS,West Bengal,HDFC,SBI,Android,5G,18,Friday,0
TXN0000000741,30-10-2024 17:37,Recharge,Healthcare,361,SUCCESS,Karnataka,SBI,ICICI,Android,5G,17,Wednesday,0
TXN0000000742,07-10-2024 10:06,P2P,Entertainment,288,SUCCESS,Uttar Pradesh,ICICI,ICICI,Android,4G,10,Monday,0
TXN0000000743,23-05-2024 21:56,P2P,Food,152,SUCCESS,West Bengal,Kotak,Axis,Android,4G,21,Thursday,0
TXN0000000744,06-03-2024 23:50,Bill Payment,Food,282,SUCCESS,Gujarat,Kotak,IndusInd,Android,5G,23,Wednesday,0
TXN0000000745,15-08-2024 12:52,P2P,Transport,90,SUCCESS,Andhra Pradesh,PNB,SBI,Android,4G,12,Thursday,0
TXN0000000746,04-12-2024 16:12,Bill Payment,Entertainment,104,SUCCESS,Tamil Nadu,SBI,HDFC,Web,5G,16,Wednesday,0
TXN0000000747,25-11-2024 15:53,Bill Payment,Entertainment,169,SUCCESS,Delhi,PNB,IndusInd,Android,4G,15,Monday,0
TXN0000000748,04-09-2024 14:26,P2P,Other,2333,SUCCESS,Tamil Nadu,PNB,SBI,Android,5G,14,Wednesday,0
TXN0000000749,19-05-2024 13:12,P2P,Healthcare,231,SUCCESS,Rajasthan,Kotak,SBI,Android,4G,13,Sunday,1
TXN0000000750,09-05-2024 11:49,Bill Payment,Food,1257,SUCCESS,Karnataka,Yes Bank,SBI,Android,4G,11,Thursday,0
TXN0000000751,22-05-2024 20:48,P2M,Other,2293,SUCCESS,Maharashtra,HDFC,IndusInd,iOS,4G,20,Wednesday,0
TXN0000000752,28-07-2024 11:25,P2P,Grocery,1771,SUCCESS,Telangana,SBI,PNB,iOS,5G,11,Sunday,1
TXN0000000753,24-11-2024 13:20,Bill Payment,Other,1233,SUCCESS,Maharashtra,PNB,SBI,Android,4G,13,Sunday,1
TXN0000000754,07-01-2024 10:12,Bill Payment,Shopping,1232,SUCCESS,Maharashtra,HDFC,SBI,iOS,3G,10,Sunday,1
TXN0000000755,28-08-2024 17:18,P2M,Food,155,SUCCESS,Telangana,HDFC,Yes Bank,Android,4G,17,Wednesday,0
TXN0000000756,24-08-2024 19:03,Bill Payment,Fuel,620,SUCCESS,Telangana,IndusInd,Axis,Android,5G,19,Saturday,1
TXN0000000757,08-03-2024 07:56,P2P,Fuel,1424,SUCCESS,Delhi,PNB,Kotak,Android,WiFi,7,Friday,0
TXN0000000758,17-10-2024 13:25,P2M,Food,507,SUCCESS,Rajasthan,PNB,Kotak,Android,4G,13,Thursday,0
TXN0000000759,05-01-2024 12:14,P2P,Food,627,SUCCESS,Maharashtra,SBI,Kotak,Android,5G,12,Friday,0
TXN0000000760,24-09-2024 11:41,P2M,Transport,811,SUCCESS,Delhi,PNB,SBI,Android,4G,11,Tuesday,0
TXN0000000761,14-07-2024 16:26,P2P,Entertainment,162,SUCCESS,Maharashtra,Axis,ICICI,iOS,5G,16,Sunday,1
TXN0000000762,24-03-2024 11:46,Recharge,Transport,75,SUCCESS,Uttar Pradesh,Kotak,SBI,Android,WiFi,11,Sunday,1
TXN0000000763,18-08-2024 21:28,P2P,Transport,458,SUCCESS,Andhra Pradesh,SBI,PNB,Android,5G,21,Sunday,1
TXN0000000764,10-07-2024 18:09,P2P,Food,348,SUCCESS,Delhi,IndusInd,IndusInd,Android,4G,18,Wednesday,0
TXN0000000765,01-09-2024 13:48,P2P,Education,1931,SUCCESS,Maharashtra,IndusInd,Axis,Android,4G,13,Sunday,1
TXN0000000766,13-12-2024 12:07,P2P,Other,928,SUCCESS,Delhi,SBI,Axis,Android,4G,12,Friday,0
TXN0000000767,28-01-2024 17:14,P2M,Shopping,1440,SUCCESS,Maharashtra,SBI,SBI,Android,5G,17,Sunday,1
TXN0000000768,21-09-2024 12:51,P2M,Other,757,SUCCESS,Gujarat,HDFC,Kotak,Android,5G,12,Saturday,1
TXN0000000769,06-06-2024 19:12,P2M,Other,590,SUCCESS,Gujarat,HDFC,PNB,Android,5G,19,Thursday,0
TXN0000000770,02-07-2024 10:38,P2M,Fuel,4229,SUCCESS,Karnataka,SBI,SBI,Android,5G,10,Tuesday,0
TXN0000000771,22-09-2024 10:27,P2M,Fuel,426,SUCCESS,Tamil Nadu,Axis,Axis,Android,5G,10,Sunday,1
TXN0000000772,27-11-2024 18:29,P2M,Grocery,469,SUCCESS,West Bengal,SBI,IndusInd,Android,WiFi,18,Wednesday,0
TXN0000000773,14-03-2024 21:37,P2M,Fuel,373,SUCCESS,Uttar Pradesh,PNB,Yes Bank,Android,4G,21,Thursday,0
TXN0000000774,23-07-2024 13:20,P2P,Fuel,2033,SUCCESS,Andhra Pradesh,SBI,PNB,Android,4G,13,Tuesday,0
TXN0000000775,25-09-2024 19:48,P2M,Utilities,3086,SUCCESS,Maharashtra,IndusInd,PNB,iOS,4G,19,Wednesday,0
TXN0000000776,07-02-2024 16:48,P2P,Grocery,2044,SUCCESS,Maharashtra,SBI,ICICI,Android,5G,16,Wednesday,0
TXN0000000777,01-08-2024 16:58,P2P,Utilities,259,FAILED,Andhra Pradesh,Yes Bank,ICICI,Android,4G,16,Thursday,0
TXN0000000778,29-12-2024 06:52,P2P,Entertainment,487,FAILED,Maharashtra,SBI,IndusInd,Android,3G,6,Sunday,1
TXN0000000779,12-05-2024 17:20,P2P,Utilities,2587,SUCCESS,Rajasthan,SBI,SBI,iOS,4G,17,Sunday,1
TXN0000000780,10-09-2024 16:07,P2P,Transport,107,SUCCESS,Karnataka,Kotak,SBI,Android,3G,16,Tuesday,0
TXN0000000781,30-03-2024 20:20,P2P,Fuel,403,SUCCESS,West Bengal,SBI,SBI,Android,4G,20,Saturday,1
TXN0000000782,02-05-2024 13:43,Recharge,Entertainment,194,SUCCESS,Maharashtra,PNB,Yes Bank,Android,4G,13,Thursday,0
TXN0000000783,21-05-2024 06:32,P2P,Utilities,421,SUCCESS,West Bengal,Kotak,Yes Bank,Android,4G,6,Tuesday,0
TXN0000000784,23-03-2024 11:02,Recharge,Entertainment,187,SUCCESS,Delhi,SBI,Kotak,Android,5G,11,Saturday,1
TXN0000000785,24-10-2024 09:48,P2M,Shopping,2109,SUCCESS,Tamil Nadu,ICICI,ICICI,Android,WiFi,9,Thursday,0
TXN0000000786,14-12-2024 10:58,P2P,Transport,46,SUCCESS,Uttar Pradesh,PNB,Axis,iOS,WiFi,10,Saturday,1
TXN0000000787,06-08-2024 10:13,Bill Payment,Utilities,8818,SUCCESS,Telangana,Yes Bank,SBI,Android,5G,10,Tuesday,0
TXN0000000788,30-01-2024 19:13,P2M,Shopping,223,SUCCESS,Rajasthan,PNB,HDFC,Android,4G,19,Tuesday,0
TXN0000000789,23-02-2024 20:30,P2P,Grocery,2769,SUCCESS,Uttar Pradesh,ICICI,Axis,iOS,4G,20,Friday,0
TXN0000000790,02-01-2024 21:28,P2M,Other,309,SUCCESS,West Bengal,Axis,ICICI,Android,3G,21,Tuesday,0
TXN0000000791,03-03-2024 11:30,P2P,Utilities,5529,SUCCESS,Uttar Pradesh,IndusInd,ICICI,Android,4G,11,Sunday,1
TXN0000000792,07-01-2024 17:46,P2P,Shopping,314,SUCCESS,West Bengal,Yes Bank,IndusInd,iOS,5G,17,Sunday,1
TXN0000000793,21-12-2024 18:10,P2P,Utilities,2543,SUCCESS,Tamil Nadu,HDFC,HDFC,Android,4G,18,Saturday,1
TXN0000000794,04-06-2024 06:16,P2M,Utilities,2016,SUCCESS,Andhra Pradesh,ICICI,PNB,Android,4G,6,Tuesday,0
TXN0000000795,29-06-2024 16:48,P2P,Food,228,SUCCESS,Andhra Pradesh,ICICI,PNB,Android,4G,16,Saturday,1
TXN0000000796,08-12-2024 08:08,Bill Payment,Transport,321,SUCCESS,Karnataka,HDFC,SBI,iOS,4G,8,Sunday,1
TXN0000000797,12-06-2024 16:59,P2P,Food,124,SUCCESS,Karnataka,HDFC,ICICI,Android,5G,16,Wednesday,0
TXN0000000798,27-12-2024 20:27,P2M,Fuel,1069,SUCCESS,Tamil Nadu,PNB,Kotak,Android,4G,20,Friday,0
TXN0000000799,22-04-2024 00:57,P2M,Grocery,2124,SUCCESS,Uttar Pradesh,Yes Bank,Yes Bank,Android,4G,0,Monday,0
TXN0000000800,10-01-2024 17:34,Bill Payment,Fuel,1357,SUCCESS,West Bengal,Axis,HDFC,Web,4G,17,Wednesday,0
TXN0000000801,27-04-2024 19:38,Bill Payment,Shopping,2536,SUCCESS,Karnataka,PNB,Axis,Android,5G,19,Saturday,1
TXN0000000802,19-12-2024 21:26,P2P,Other,1446,SUCCESS,Telangana,Axis,SBI,Android,4G,21,Thursday,0
TXN0000000803,06-09-2024 12:43,P2M,Shopping,7271,SUCCESS,Tamil Nadu,HDFC,ICICI,iOS,4G,12,Friday,0
TXN0000000804,13-06-2024 11:11,Bill Payment,Grocery,512,SUCCESS,Uttar Pradesh,Yes Bank,ICICI,iOS,4G,11,Thursday,0
TXN0000000805,07-10-2024 21:51,P2P,Food,113,SUCCESS,Maharashtra,IndusInd,ICICI,Android,4G,21,Monday,0
TXN0000000806,11-08-2024 22:38,Bill Payment,Transport,78,SUCCESS,West Bengal,IndusInd,HDFC,Android,4G,22,Sunday,1
TXN0000000807,21-06-2024 12:17,P2P,Other,375,SUCCESS,Telangana,Yes Bank,Kotak,Android,5G,12,Friday,0
TXN0000000808,13-09-2024 13:34,P2M,Fuel,776,SUCCESS,Maharashtra,SBI,SBI,Android,4G,13,Friday,0
TXN0000000809,15-08-2024 11:37,P2M,Grocery,1878,SUCCESS,Maharashtra,Kotak,SBI,Android,5G,11,Thursday,0
TXN0000000810,29-11-2024 17:49,P2P,Other,442,SUCCESS,Maharashtra,PNB,HDFC,Android,4G,17,Friday,0
TXN0000000811,21-09-2024 17:53,P2P,Healthcare,1048,SUCCESS,Delhi,Kotak,ICICI,Android,5G,17,Saturday,1
TXN0000000812,30-11-2024 16:06,P2P,Utilities,154,SUCCESS,West Bengal,SBI,Kotak,Android,4G,16,Saturday,1
TXN0000000813,11-12-2024 14:54,Bill Payment,Food,1028,SUCCESS,Telangana,Axis,SBI,iOS,4G,14,Wednesday,0
TXN0000000814,15-06-2024 08:19,P2P,Transport,518,SUCCESS,West Bengal,Axis,Axis,Android,5G,8,Saturday,1
TXN0000000815,10-02-2024 18:43,P2M,Grocery,342,SUCCESS,Uttar Pradesh,IndusInd,Axis,Android,4G,18,Saturday,1
TXN0000000816,13-06-2024 11:18,P2P,Utilities,170,SUCCESS,Andhra Pradesh,Kotak,Kotak,Android,4G,11,Thursday,0
TXN0000000817,09-03-2024 18:26,P2P,Grocery,3953,SUCCESS,Maharashtra,HDFC,Axis,Android,4G,18,Saturday,1
TXN0000000818,08-06-2024 10:14,P2P,Shopping,746,SUCCESS,Andhra Pradesh,HDFC,SBI,Android,4G,10,Saturday,1
TXN0000000819,06-10-2024 19:08,P2M,Transport,646,SUCCESS,Tamil Nadu,SBI,SBI,Android,5G,19,Sunday,1
TXN0000000820,27-04-2024 22:35,P2M,Grocery,834,FAILED,Telangana,ICICI,HDFC,Android,4G,22,Saturday,1
TXN0000000821,29-05-2024 17:47,P2M,Other,1020,SUCCESS,Maharashtra,IndusInd,PNB,Android,5G,17,Wednesday,0
TXN0000000822,05-06-2024 11:42,P2P,Other,498,SUCCESS,Tamil Nadu,Kotak,ICICI,Android,4G,11,Wednesday,0
TXN0000000823,21-07-2024 20:13,P2M,Food,1151,SUCCESS,Delhi,Kotak,IndusInd,iOS,4G,20,Sunday,1
TXN0000000824,19-11-2024 04:00,P2P,Transport,690,SUCCESS,Uttar Pradesh,IndusInd,SBI,Android,4G,4,Tuesday,0
TXN0000000825,22-02-2024 18:29,P2P,Grocery,100,SUCCESS,Maharashtra,Axis,ICICI,Android,WiFi,18,Thursday,0
TXN0000000826,06-11-2024 11:55,P2P,Other,1490,SUCCESS,Tamil Nadu,Axis,SBI,Android,5G,11,Wednesday,0
TXN0000000827,10-03-2024 15:23,P2P,Utilities,2528,SUCCESS,Delhi,HDFC,PNB,Android,4G,15,Sunday,1
TXN0000000828,18-04-2024 12:58,P2P,Shopping,5140,SUCCESS,Andhra Pradesh,Yes Bank,ICICI,Android,4G,12,Thursday,0
TXN0000000829,17-03-2024 11:11,P2M,Shopping,536,SUCCESS,Gujarat,SBI,IndusInd,Android,3G,11,Sunday,1
TXN0000000830,03-12-2024 19:13,P2M,Grocery,190,SUCCESS,Maharashtra,ICICI,Kotak,Android,WiFi,19,Tuesday,0
TXN0000000831,25-10-2024 11:10,P2M,Other,434,SUCCESS,Andhra Pradesh,Axis,HDFC,Android,5G,11,Friday,0
TXN0000000832,30-12-2024 10:49,P2M,Food,206,SUCCESS,Tamil Nadu,Kotak,Kotak,Android,4G,10,Monday,0
TXN0000000833,15-08-2024 18:15,P2P,Food,303,SUCCESS,Karnataka,SBI,HDFC,iOS,4G,18,Thursday,0
TXN0000000834,10-05-2024 20:34,P2P,Shopping,2405,SUCCESS,Gujarat,Yes Bank,Axis,Android,4G,20,Friday,0
TXN0000000835,05-06-2024 12:41,P2M,Utilities,968,SUCCESS,Rajasthan,IndusInd,SBI,Android,3G,12,Wednesday,0
TXN0000000836,24-10-2024 08:03,Bill Payment,Shopping,811,SUCCESS,Karnataka,PNB,HDFC,iOS,4G,8,Thursday,0
TXN0000000837,09-03-2024 20:46,P2P,Food,2322,SUCCESS,Uttar Pradesh,Yes Bank,IndusInd,Android,4G,20,Saturday,1
TXN0000000838,17-12-2024 13:25,P2M,Food,204,SUCCESS,Delhi,PNB,Kotak,Android,5G,13,Tuesday,0
TXN0000000839,05-06-2024 11:22,P2P,Food,298,SUCCESS,Rajasthan,SBI,Axis,Android,4G,11,Wednesday,0
TXN0000000840,27-01-2024 19:26,P2M,Transport,135,SUCCESS,Uttar Pradesh,Kotak,PNB,Android,WiFi,19,Saturday,1
TXN0000000841,26-02-2024 18:50,P2P,Shopping,129,SUCCESS,Rajasthan,IndusInd,PNB,Android,4G,18,Monday,0
TXN0000000842,03-01-2024 23:50,P2P,Shopping,539,SUCCESS,Rajasthan,Kotak,Kotak,Android,3G,23,Wednesday,0
TXN0000000843,18-07-2024 20:29,P2P,Other,1017,SUCCESS,Uttar Pradesh,Yes Bank,Yes Bank,Android,5G,20,Thursday,0
TXN0000000844,02-09-2024 11:24,Bill Payment,Entertainment,127,SUCCESS,Tamil Nadu,SBI,Kotak,Android,3G,11,Monday,0
TXN0000000845,17-07-2024 10:03,Bill Payment,Other,778,SUCCESS,Gujarat,SBI,ICICI,Android,4G,10,Wednesday,0
TXN0000000846,23-02-2024 01:50,P2P,Transport,365,SUCCESS,Rajasthan,SBI,Kotak,Android,4G,1,Friday,0
TXN0000000847,28-06-2024 13:49,P2M,Grocery,845,SUCCESS,Karnataka,PNB,HDFC,Web,4G,13,Friday,0
TXN0000000848,26-03-2024 19:31,P2P,Entertainment,150,SUCCESS,Andhra Pradesh,Yes Bank,SBI,Android,5G,19,Tuesday,0
TXN0000000849,30-07-2024 16:51,P2M,Grocery,1946,FAILED,Delhi,PNB,IndusInd,Android,5G,16,Tuesday,0
TXN0000000850,25-02-2024 18:55,P2P,Shopping,358,SUCCESS,Telangana,IndusInd,IndusInd,iOS,5G,18,Sunday,1
TXN0000000851,28-09-2024 22:15,Bill Payment,Shopping,397,SUCCESS,Tamil Nadu,Axis,SBI,Android,4G,22,Saturday,1
TXN0000000852,20-02-2024 16:37,P2M,Grocery,796,SUCCESS,Uttar Pradesh,SBI,IndusInd,Android,4G,16,Tuesday,0
TXN0000000853,26-05-2024 16:37,P2M,Other,190,SUCCESS,Maharashtra,HDFC,Kotak,Android,5G,16,Sunday,1
TXN0000000854,03-04-2024 23:29,P2P,Grocery,163,SUCCESS,Maharashtra,IndusInd,Yes Bank,Android,4G,23,Wednesday,0
TXN0000000855,29-06-2024 22:50,P2M,Other,671,SUCCESS,Andhra Pradesh,SBI,SBI,iOS,4G,22,Saturday,1
TXN0000000856,01-01-2024 15:33,Recharge,Food,1185,SUCCESS,West Bengal,IndusInd,SBI,iOS,WiFi,15,Monday,0
TXN0000000857,28-01-2024 20:55,Bill Payment,Fuel,2376,FAILED,Andhra Pradesh,Kotak,SBI,Android,5G,20,Sunday,1
TXN0000000858,15-07-2024 02:31,P2M,Utilities,6366,SUCCESS,Telangana,ICICI,SBI,Android,4G,2,Monday,0
TXN0000000859,24-02-2024 02:08,P2P,Entertainment,481,SUCCESS,Delhi,SBI,Kotak,Android,4G,2,Saturday,1
TXN0000000860,25-11-2024 19:51,P2M,Transport,954,SUCCESS,Maharashtra,HDFC,Kotak,Android,4G,19,Monday,0
TXN0000000861,21-01-2024 04:34,P2M,Other,192,SUCCESS,West Bengal,Axis,Yes Bank,Android,4G,4,Sunday,1
TXN0000000862,24-07-2024 14:55,P2M,Grocery,548,SUCCESS,Delhi,SBI,HDFC,Android,5G,14,Wednesday,0
TXN0000000863,02-09-2024 16:58,P2P,Other,446,SUCCESS,Andhra Pradesh,SBI,Yes Bank,Android,4G,16,Monday,0
TXN0000000864,17-02-2024 19:22,P2M,Fuel,2627,SUCCESS,West Bengal,Yes Bank,ICICI,Web,3G,19,Saturday,1
TXN0000000865,01-04-2024 19:17,Bill Payment,Shopping,3760,SUCCESS,Maharashtra,SBI,Kotak,Android,3G,19,Monday,0
TXN0000000866,01-03-2024 21:20,P2M,Other,264,SUCCESS,Karnataka,SBI,SBI,Android,4G,21,Friday,0
TXN0000000867,16-11-2024 09:11,P2M,Food,123,SUCCESS,Gujarat,SBI,HDFC,Android,4G,9,Saturday,1
TXN0000000868,12-06-2024 13:04,Bill Payment,Fuel,1137,SUCCESS,West Bengal,Yes Bank,HDFC,Android,5G,13,Wednesday,0
TXN0000000869,16-04-2024 20:42,P2P,Shopping,365,SUCCESS,Tamil Nadu,HDFC,IndusInd,Android,WiFi,20,Tuesday,0
TXN0000000870,14-08-2024 09:10,Recharge,Healthcare,875,SUCCESS,Andhra Pradesh,Kotak,IndusInd,Android,3G,9,Wednesday,0
TXN0000000871,27-02-2024 18:13,P2P,Grocery,1526,SUCCESS,West Bengal,ICICI,Yes Bank,iOS,4G,18,Tuesday,0
TXN0000000872,23-12-2024 10:54,P2P,Transport,143,SUCCESS,West Bengal,IndusInd,HDFC,Android,4G,10,Monday,0
TXN0000000873,20-01-2024 20:45,P2P,Entertainment,249,SUCCESS,Uttar Pradesh,SBI,IndusInd,iOS,5G,20,Saturday,1
TXN0000000874,14-08-2024 09:57,P2P,Grocery,1081,SUCCESS,Tamil Nadu,PNB,SBI,Android,WiFi,9,Wednesday,0
TXN0000000875,08-05-2024 06:46,P2M,Healthcare,86,SUCCESS,Uttar Pradesh,ICICI,Yes Bank,Android,4G,6,Wednesday,0
TXN0000000876,15-05-2024 08:41,P2P,Shopping,1058,SUCCESS,Maharashtra,HDFC,Yes Bank,Android,4G,8,Wednesday,0
TXN0000000877,19-08-2024 17:41,P2P,Other,1360,SUCCESS,Delhi,SBI,Axis,iOS,4G,17,Monday,0
TXN0000000878,30-06-2024 12:03,P2P,Entertainment,1079,SUCCESS,Gujarat,HDFC,ICICI,Android,4G,12,Sunday,1
TXN0000000879,06-02-2024 19:17,P2M,Entertainment,160,FAILED,Uttar Pradesh,PNB,IndusInd,Android,5G,19,Tuesday,0
TXN0000000880,04-01-2024 11:51,P2M,Entertainment,98,SUCCESS,Uttar Pradesh,ICICI,Axis,Android,4G,11,Thursday,0
TXN0000000881,11-07-2024 07:02,P2P,Transport,671,SUCCESS,Rajasthan,HDFC,SBI,Android,4G,7,Thursday,0
TXN0000000882,18-05-2024 20:16,P2P,Shopping,645,FAILED,Rajasthan,ICICI,HDFC,Android,5G,20,Saturday,1
TXN0000000883,05-01-2024 20:28,P2M,Other,123,SUCCESS,Rajasthan,ICICI,IndusInd,Android,5G,20,Friday,0
TXN0000000884,19-02-2024 16:25,P2P,Healthcare,240,SUCCESS,Maharashtra,Yes Bank,Yes Bank,Android,4G,16,Monday,0
TXN0000000885,26-06-2024 16:19,P2M,Entertainment,479,SUCCESS,Uttar Pradesh,ICICI,SBI,iOS,4G,16,Wednesday,0
TXN0000000886,11-07-2024 02:11,P2M,Food,432,SUCCESS,Delhi,ICICI,Axis,Android,4G,2,Thursday,0
TXN0000000887,28-06-2024 15:25,P2M,Utilities,609,SUCCESS,Andhra Pradesh,Kotak,HDFC,iOS,3G,15,Friday,0
TXN0000000888,11-07-2024 15:43,P2P,Food,131,SUCCESS,Uttar Pradesh,Yes Bank,IndusInd,Android,4G,15,Thursday,0
TXN0000000889,29-06-2024 14:12,P2M,Utilities,245,SUCCESS,Andhra Pradesh,ICICI,ICICI,Android,4G,14,Saturday,1
TXN0000000890,19-01-2024 03:18,P2P,Transport,144,SUCCESS,Maharashtra,Yes Bank,IndusInd,Android,4G,3,Friday,0
TXN0000000891,12-03-2024 22:31,P2P,Grocery,913,SUCCESS,Telangana,SBI,SBI,Android,4G,22,Tuesday,0
TXN0000000892,14-03-2024 21:24,P2P,Transport,1270,SUCCESS,Maharashtra,HDFC,SBI,Android,4G,21,Thursday,0
TXN0000000893,25-04-2024 17:26,P2P,Food,794,SUCCESS,Telangana,Kotak,HDFC,Android,5G,17,Thursday,0
TXN0000000894,10-02-2024 20:21,P2M,Other,1520,SUCCESS,Tamil Nadu,SBI,IndusInd,Android,4G,20,Saturday,1
TXN0000000895,14-09-2024 12:52,Recharge,Shopping,3010,SUCCESS,Delhi,SBI,Axis,Android,4G,12,Saturday,1
TXN0000000896,25-11-2024 11:56,P2P,Entertainment,872,SUCCESS,Uttar Pradesh,Axis,SBI,Android,WiFi,11,Monday,0
TXN0000000897,18-04-2024 12:44,P2M,Food,270,SUCCESS,Tamil Nadu,SBI,SBI,Android,4G,12,Thursday,0
TXN0000000898,29-12-2024 17:29,P2M,Shopping,418,SUCCESS,Delhi,Axis,SBI,Android,5G,17,Sunday,1
TXN0000000899,30-10-2024 10:42,Bill Payment,Other,559,SUCCESS,Tamil Nadu,SBI,ICICI,iOS,4G,10,Wednesday,0
TXN0000000900,23-05-2024 05:35,P2P,Food,445,SUCCESS,Uttar Pradesh,HDFC,IndusInd,iOS,WiFi,5,Thursday,0
TXN0000000901,29-01-2024 16:14,P2P,Shopping,1748,SUCCESS,Delhi,HDFC,ICICI,Android,4G,16,Monday,0
TXN0000000902,16-07-2024 20:33,Bill Payment,Shopping,7738,SUCCESS,Uttar Pradesh,HDFC,SBI,Android,4G,20,Tuesday,0
TXN0000000903,06-11-2024 10:26,P2P,Transport,49,SUCCESS,Andhra Pradesh,HDFC,PNB,iOS,4G,10,Wednesday,0
TXN0000000904,10-03-2024 19:29,Recharge,Transport,72,SUCCESS,Andhra Pradesh,HDFC,PNB,Android,4G,19,Sunday,1
TXN0000000905,29-10-2024 16:08,P2M,Other,310,SUCCESS,Karnataka,HDFC,ICICI,Android,WiFi,16,Tuesday,0
TXN0000000906,02-11-2024 11:31,P2P,Food,103,SUCCESS,Rajasthan,SBI,IndusInd,Android,WiFi,11,Saturday,1
TXN0000000907,07-07-2024 21:31,Recharge,Food,238,SUCCESS,Karnataka,HDFC,PNB,Android,5G,21,Sunday,1
TXN0000000908,06-07-2024 09:10,P2P,Other,1225,SUCCESS,Karnataka,ICICI,Yes Bank,iOS,4G,9,Saturday,1
TXN0000000909,08-01-2024 18:13,P2M,Grocery,480,SUCCESS,Tamil Nadu,PNB,IndusInd,Android,4G,18,Monday,0
TXN0000000910,22-09-2024 12:26,P2P,Utilities,160,SUCCESS,Gujarat,Axis,SBI,Android,4G,12,Sunday,1
TXN0000000911,12-01-2024 18:48,P2M,Healthcare,640,SUCCESS,Karnataka,Kotak,Yes Bank,Android,WiFi,18,Friday,0
TXN0000000912,15-07-2024 06:25,P2P,Grocery,736,SUCCESS,Andhra Pradesh,ICICI,IndusInd,iOS,4G,6,Monday,0
TXN0000000913,01-05-2024 19:28,P2M,Fuel,3800,SUCCESS,Andhra Pradesh,Yes Bank,SBI,Android,WiFi,19,Wednesday,0
TXN0000000914,27-09-2024 08:46,Recharge,Grocery,396,SUCCESS,Uttar Pradesh,SBI,Axis,Android,4G,8,Friday,0
TXN0000000915,01-12-2024 18:01,Bill Payment,Other,1119,SUCCESS,Delhi,SBI,ICICI,Web,4G,18,Sunday,1
TXN0000000916,27-03-2024 17:53,P2M,Grocery,345,FAILED,Uttar Pradesh,ICICI,Axis,Android,5G,17,Wednesday,0
TXN0000000917,29-10-2024 10:34,P2M,Healthcare,194,SUCCESS,Maharashtra,Axis,PNB,iOS,4G,10,Tuesday,0
TXN0000000918,07-09-2024 21:47,P2M,Transport,187,SUCCESS,Karnataka,SBI,SBI,iOS,5G,21,Saturday,1
TXN0000000919,24-10-2024 07:32,P2M,Entertainment,363,SUCCESS,Gujarat,Axis,HDFC,Android,4G,7,Thursday,0
TXN0000000920,15-02-2024 16:29,P2M,Fuel,628,SUCCESS,Delhi,HDFC,ICICI,Android,WiFi,16,Thursday,0
TXN0000000921,29-03-2024 12:03,P2P,Utilities,125,SUCCESS,Andhra Pradesh,HDFC,PNB,iOS,4G,12,Friday,0
TXN0000000922,22-06-2024 13:40,P2P,Fuel,2202,SUCCESS,Maharashtra,SBI,Yes Bank,iOS,4G,13,Saturday,1
TXN0000000923,28-01-2024 02:14,P2P,Other,589,SUCCESS,Tamil Nadu,SBI,HDFC,Android,5G,2,Sunday,1
TXN0000000924,07-09-2024 10:45,P2M,Fuel,607,SUCCESS,Delhi,HDFC,SBI,Android,5G,10,Saturday,1
TXN0000000925,03-10-2024 18:02,P2M,Shopping,2158,SUCCESS,Rajasthan,PNB,ICICI,Android,4G,18,Thursday,0
TXN0000000926,22-07-2024 16:51,P2P,Grocery,1128,FAILED,Karnataka,PNB,HDFC,Android,4G,16,Monday,0
TXN0000000927,17-01-2024 11:38,Bill Payment,Entertainment,250,SUCCESS,Gujarat,ICICI,PNB,Android,4G,11,Wednesday,0
TXN0000000928,15-04-2024 09:00,P2M,Utilities,4123,SUCCESS,Telangana,IndusInd,Yes Bank,Android,WiFi,9,Monday,0
TXN0000000929,15-01-2024 19:44,P2P,Grocery,2121,SUCCESS,Uttar Pradesh,Axis,ICICI,Android,4G,19,Monday,0
TXN0000000930,14-02-2024 22:37,P2P,Food,173,SUCCESS,Delhi,Kotak,ICICI,Android,WiFi,22,Wednesday,0
TXN0000000931,11-11-2024 19:00,P2P,Education,2223,SUCCESS,Gujarat,HDFC,Kotak,iOS,4G,19,Monday,0
TXN0000000932,22-01-2024 11:10,P2P,Grocery,1354,SUCCESS,Uttar Pradesh,ICICI,SBI,Android,5G,11,Monday,0
TXN0000000933,10-07-2024 20:23,P2P,Food,766,SUCCESS,Rajasthan,ICICI,IndusInd,Android,5G,20,Wednesday,0
TXN0000000934,27-03-2024 11:08,P2P,Grocery,431,SUCCESS,Delhi,PNB,SBI,iOS,WiFi,11,Wednesday,0
TXN0000000935,10-07-2024 17:00,P2M,Grocery,1609,SUCCESS,Maharashtra,IndusInd,Axis,Android,5G,17,Wednesday,0
TXN0000000936,14-01-2024 08:54,Recharge,Utilities,735,SUCCESS,Tamil Nadu,Yes Bank,SBI,Android,5G,8,Sunday,1
TXN0000000937,27-02-2024 07:59,P2P,Grocery,2377,SUCCESS,Tamil Nadu,SBI,SBI,Android,4G,7,Tuesday,0
TXN0000000938,21-12-2024 21:36,P2M,Fuel,2186,SUCCESS,Uttar Pradesh,IndusInd,IndusInd,Android,4G,21,Saturday,1
TXN0000000939,10-11-2024 22:07,P2M,Utilities,3425,SUCCESS,Andhra Pradesh,Axis,SBI,iOS,5G,22,Sunday,1
TXN0000000940,27-10-2024 11:48,P2M,Utilities,5257,SUCCESS,Delhi,Yes Bank,HDFC,iOS,5G,11,Sunday,1
TXN0000000941,05-03-2024 11:56,P2P,Food,144,SUCCESS,Karnataka,Axis,SBI,Android,5G,11,Tuesday,0
TXN0000000942,05-03-2024 20:26,P2P,Education,4844,SUCCESS,Delhi,SBI,HDFC,Android,5G,20,Tuesday,0
TXN0000000943,21-12-2024 09:15,P2P,Utilities,2054,SUCCESS,Uttar Pradesh,SBI,HDFC,Android,4G,9,Saturday,1
TXN0000000944,25-11-2024 07:04,P2M,Healthcare,685,SUCCESS,Uttar Pradesh,HDFC,IndusInd,iOS,4G,7,Monday,0
TXN0000000945,06-03-2024 12:54,P2P,Grocery,286,SUCCESS,Karnataka,HDFC,IndusInd,Android,WiFi,12,Wednesday,0
TXN0000000946,27-08-2024 20:43,P2M,Food,620,SUCCESS,Gujarat,SBI,Kotak,Android,3G,20,Tuesday,0
TXN0000000947,14-06-2024 20:32,P2P,Transport,183,SUCCESS,Tamil Nadu,IndusInd,ICICI,Android,4G,20,Friday,0
TXN0000000948,10-06-2024 12:20,P2P,Shopping,11038,SUCCESS,Tamil Nadu,Kotak,ICICI,iOS,4G,12,Monday,0
TXN0000000949,16-03-2024 18:34,P2P,Food,821,SUCCESS,Karnataka,HDFC,Kotak,Android,4G,18,Saturday,1
TXN0000000950,17-08-2024 15:31,P2P,Utilities,987,SUCCESS,Uttar Pradesh,PNB,Yes Bank,iOS,4G,15,Saturday,1
TXN0000000951,05-03-2024 12:23,P2P,Utilities,2289,SUCCESS,Karnataka,PNB,HDFC,Android,4G,12,Tuesday,0
TXN0000000952,17-04-2024 19:27,P2M,Shopping,355,SUCCESS,Delhi,ICICI,HDFC,Android,4G,19,Wednesday,0
TXN0000000953,11-07-2024 17:50,P2P,Other,344,SUCCESS,Gujarat,SBI,Yes Bank,Web,4G,17,Thursday,0
TXN0000000954,21-09-2024 20:34,P2P,Utilities,3205,SUCCESS,Maharashtra,PNB,HDFC,iOS,4G,20,Saturday,1
TXN0000000955,02-07-2024 10:39,P2P,Shopping,524,SUCCESS,West Bengal,Axis,SBI,Android,4G,10,Tuesday,0
TXN0000000956,06-03-2024 17:32,P2P,Food,488,SUCCESS,Tamil Nadu,PNB,PNB,Android,5G,17,Wednesday,0
TXN0000000957,02-04-2024 19:41,P2M,Grocery,511,SUCCESS,Uttar Pradesh,IndusInd,HDFC,Android,4G,19,Tuesday,0
TXN0000000958,21-10-2024 12:42,P2P,Transport,380,SUCCESS,Andhra Pradesh,Kotak,SBI,iOS,5G,12,Monday,0
TXN0000000959,04-01-2024 20:49,P2P,Healthcare,864,SUCCESS,West Bengal,HDFC,HDFC,Web,WiFi,20,Thursday,0
TXN0000000960,26-11-2024 15:24,P2M,Entertainment,1253,SUCCESS,Gujarat,HDFC,HDFC,Android,4G,15,Tuesday,0
TXN0000000961,28-12-2024 13:26,Recharge,Shopping,518,SUCCESS,Uttar Pradesh,IndusInd,Yes Bank,Android,5G,13,Saturday,1
TXN0000000962,27-07-2024 14:16,Bill Payment,Grocery,486,SUCCESS,Uttar Pradesh,Yes Bank,PNB,Android,5G,14,Saturday,1
TXN0000000963,20-05-2024 17:52,P2M,Transport,664,SUCCESS,Uttar Pradesh,HDFC,HDFC,iOS,4G,17,Monday,0
TXN0000000964,13-01-2024 17:45,Bill Payment,Grocery,1006,SUCCESS,Tamil Nadu,HDFC,Yes Bank,Android,4G,17,Saturday,1
TXN0000000965,28-01-2024 13:16,P2P,Transport,637,SUCCESS,Uttar Pradesh,HDFC,SBI,Android,5G,13,Sunday,1
TXN0000000966,29-06-2024 16:06,P2P,Food,573,SUCCESS,Karnataka,SBI,PNB,Android,4G,16,Saturday,1
TXN0000000967,17-12-2024 16:34,P2M,Shopping,5736,SUCCESS,Maharashtra,SBI,SBI,Android,4G,16,Tuesday,0
TXN0000000968,01-05-2024 17:04,P2P,Fuel,527,SUCCESS,Andhra Pradesh,SBI,SBI,iOS,WiFi,17,Wednesday,0
TXN0000000969,24-01-2024 17:05,Bill Payment,Other,375,SUCCESS,Maharashtra,Kotak,PNB,Android,4G,17,Wednesday,0
TXN0000000970,21-10-2024 20:33,P2M,Entertainment,312,SUCCESS,Uttar Pradesh,Yes Bank,Yes Bank,Android,4G,20,Monday,0
TXN0000000971,04-11-2024 18:53,P2M,Fuel,515,SUCCESS,Delhi,ICICI,Axis,Android,4G,18,Monday,0
TXN0000000972,28-12-2024 13:55,Bill Payment,Utilities,444,SUCCESS,West Bengal,SBI,PNB,iOS,4G,13,Saturday,1
TXN0000000973,28-11-2024 12:21,P2P,Grocery,926,SUCCESS,Delhi,HDFC,Yes Bank,Android,4G,12,Thursday,0
TXN0000000974,19-07-2024 19:53,Bill Payment,Fuel,1676,FAILED,Karnataka,HDFC,ICICI,Android,4G,19,Friday,0
TXN0000000975,29-10-2024 22:52,P2P,Utilities,316,SUCCESS,Andhra Pradesh,Kotak,Kotak,Android,4G,22,Tuesday,0
TXN0000000976,05-01-2024 18:41,P2P,Fuel,709,SUCCESS,West Bengal,SBI,IndusInd,Web,4G,18,Friday,0
TXN0000000977,24-02-2024 11:09,P2P,Shopping,7121,SUCCESS,Uttar Pradesh,HDFC,SBI,Android,4G,11,Saturday,1
TXN0000000978,20-08-2024 19:08,P2M,Food,444,FAILED,Gujarat,SBI,SBI,iOS,WiFi,19,Tuesday,0
TXN0000000979,04-12-2024 21:03,P2P,Food,352,SUCCESS,Tamil Nadu,Yes Bank,SBI,Android,4G,21,Wednesday,0
TXN0000000980,03-11-2024 21:58,P2M,Transport,1533,SUCCESS,Telangana,Axis,PNB,Android,4G,21,Sunday,1
TXN0000000981,28-03-2024 19:57,P2P,Healthcare,271,SUCCESS,Uttar Pradesh,SBI,SBI,Android,5G,19,Thursday,0
TXN0000000982,24-08-2024 11:55,P2P,Education,4804,SUCCESS,Karnataka,Axis,Axis,iOS,5G,11,Saturday,1
TXN0000000983,02-07-2024 07:05,Bill Payment,Grocery,1508,SUCCESS,Uttar Pradesh,HDFC,HDFC,Android,4G,7,Tuesday,0
TXN0000000984,08-06-2024 16:08,P2P,Grocery,384,SUCCESS,Maharashtra,IndusInd,SBI,Android,5G,16,Saturday,1
TXN0000000985,03-12-2024 11:08,P2P,Shopping,1879,SUCCESS,Karnataka,IndusInd,HDFC,Android,4G,11,Tuesday,0
TXN0000000986,23-09-2024 18:28,P2M,Fuel,1313,SUCCESS,Maharashtra,ICICI,SBI,iOS,5G,18,Monday,0
TXN0000000987,04-03-2024 16:30,P2M,Fuel,583,SUCCESS,West Bengal,PNB,Yes Bank,Android,WiFi,16,Monday,0
TXN0000000988,06-10-2024 02:31,P2P,Grocery,424,SUCCESS,Maharashtra,Axis,Axis,Android,4G,2,Sunday,1
TXN0000000989,09-03-2024 02:48,Bill Payment,Entertainment,142,SUCCESS,Delhi,Yes Bank,Yes Bank,Android,4G,2,Saturday,1
TXN0000000990,18-09-2024 16:34,Recharge,Fuel,1053,SUCCESS,Telangana,Kotak,Yes Bank,iOS,4G,16,Wednesday,0
TXN0000000991,17-07-2024 06:44,Bill Payment,Entertainment,479,SUCCESS,Delhi,SBI,Yes Bank,Android,4G,6,Wednesday,0
TXN0000000992,10-11-2024 00:07,P2P,Grocery,717,SUCCESS,Uttar Pradesh,ICICI,SBI,Android,5G,0,Sunday,1
TXN0000000993,10-01-2024 18:24,P2M,Food,429,SUCCESS,Rajasthan,SBI,HDFC,Android,4G,18,Wednesday,0
TXN0000000994,13-09-2024 16:31,P2P,Grocery,1240,SUCCESS,Rajasthan,HDFC,Axis,Android,4G,16,Friday,0
TXN0000000995,12-08-2024 02:42,P2M,Shopping,3473,SUCCESS,Karnataka,SBI,SBI,iOS,4G,2,Monday,0
TXN0000000996,18-04-2024 21:01,Recharge,Entertainment,178,SUCCESS,Karnataka,Kotak,SBI,Android,4G,21,Thursday,0
TXN0000000997,01-11-2024 12:05,P2P,Transport,423,SUCCESS,Uttar Pradesh,ICICI,IndusInd,iOS,5G,12,Friday,0
TXN0000000998,10-02-2024 11:31,P2M,Other,2251,SUCCESS,Delhi,HDFC,Kotak,iOS,4G,11,Saturday,1
TXN0000000999,17-10-2024 17:18,P2P,Shopping,2594,SUCCESS,Telangana,IndusInd,SBI,iOS,4G,17,Thursday,0
