transaction id,timestamp,transaction type,merchant_category,amount (INR),transaction_status,sender_state,sender_bank,receiver_bank,device_type,network_type,hour_of_day,day_of_week,is_weekend,hour
TXN0000000001,2024-10-08 15:17:00,P2P,Entertainment,868,SUCCESS,Delhi,Axis,SBI,Android,4G,15,Tuesday,False,15
TXN0000000002,2024-04-11 06:56:00,P2M,Grocery,1011,SUCCESS,Uttar Pradesh,ICICI,Axis,iOS,4G,6,Thursday,False,6
TXN0000000003,2024-04-02 13:27:00,P2P,Grocery,477,SUCCESS,Karnataka,Yes Bank,PNB,Android,4G,13,Tuesday,False,13
TXN0000000004,2024-01-07 10:09:00,P2P,Fuel,2784,SUCCESS,Delhi,ICICI,PNB,Android,5G,10,Sunday,True,10
TXN0000000005,2024-01-23 19:04:00,P2P,Shopping,990,SUCCESS,Delhi,Axis,Yes Bank,iOS,WiFi,19,Tuesday,False,19
TXN0000000006,2024-10-07 22:32:00,P2P,Food,91,SUCCESS,Karnataka,IndusInd,Yes Bank,Android,3G,22,Monday,False,22
TXN0000000007,2024-02-08 10:25:00,P2P,Other,314,SUCCESS,Telangana,HDFC,IndusInd,Android,4G,10,Thursday,False,10
TXN0000000008,2024-10-27 18:47:00,P2P,Utilities,264,SUCCESS,Maharashtra,Yes Bank,SBI,Android,5G,18,Sunday,True,18
TXN0000000009,2024-11-21 09:39:00,P2P,Other,887,SUCCESS,Maharashtra,Kotak,HDFC,Android,4G,9,Thursday,False,9
TXN0000000010,2024-11-11 15:58:00,P2M,Grocery,3260,SUCCESS,Delhi,SBI,HDFC,Android,4G,15,Monday,False,15
TXN0000000011,2024-04-07 20:14:00,P2P,Food,587,SUCCESS,Karnataka,SBI,SBI,Android,4G,20,Sunday,True,20
TXN0000000012,2024-12-24 10:44:00,P2M,Other,518,SUCCESS,Gujarat,Yes Bank,SBI,Android,4G,10,Tuesday,False,10
TXN0000000013,2024-11-16 20:09:00,P2P,Transport,73,SUCCESS,Uttar Pradesh,Axis,Kotak,Android,4G,20,Saturday,True,20
TXN0000000014,2024-04-10 00:51:00,Bill Payment,Grocery,430,SUCCESS,Gujarat,Yes Bank,Yes Bank,Android,4G,0,Wednesday,False,0
TXN0000000015,2024-02-03 12:35:00,P2P,Transport,544,SUCCESS,Uttar Pradesh,IndusInd,Axis,Android,5G,12,Saturday,True,12
TXN0000000016,2024-11-09 15:21:00,P2M,Grocery,1346,SUCCESS,Rajasthan,SBI,SBI,Android,5G,15,Saturday,True,15
TXN0000000017,2024-01-25 07:27:00,P2P,Food,171,SUCCESS,Delhi,HDFC,SBI,Android,5G,7,Thursday,False,7
TXN0000000018,2024-05-19 18:38:00,P2M,Healthcare,189,SUCCESS,Gujarat,SBI,PNB,iOS,5G,18,Sunday,True,18
TXN0000000019,2024-11-11 22:08:00,P2P,Healthcare,799,SUCCESS,Karnataka,ICICI,SBI,Android,4G,22,Monday,False,22
TXN0000000020,2024-06-13 18:25:00,P2P,Utilities,450,SUCCESS,Tamil Nadu,Yes Bank,IndusInd,iOS,WiFi,18,Thursday,False,18
TXN0000000021,2024-05-19 10:41:00,Bill Payment,Food,1341,SUCCESS,Karnataka,SBI,ICICI,Android,WiFi,10,Sunday,True,10
TXN0000000022,2024-11-02 17:13:00,Recharge,Entertainment,280,SUCCESS,Maharashtra,SBI,PNB,Android,4G,17,Saturday,True,17
TXN0000000023,2024-10-18 04:35:00,P2P,Shopping,397,SUCCESS,Delhi,Axis,SBI,Android,5G,4,Friday,False,4
TXN0000000024,2024-01-21 07:57:00,P2M,Grocery,1847,SUCCESS,Gujarat,HDFC,Yes Bank,Android,5G,7,Sunday,True,7
TXN0000000025,2024-01-24 10:43:00,Bill Payment,Grocery,690,SUCCESS,Tamil Nadu,Yes Bank,PNB,iOS,5G,10,Wednesday,False,10
TXN0000000026,2024-07-01 12:01:00,Bill Payment,Entertainment,218,SUCCESS,Karnataka,Axis,Yes Bank,Android,4G,12,Monday,False,12
TXN0000000027,2024-08-28 21:10:00,P2P,Food,1276,SUCCESS,Karnataka,Kotak,HDFC,Android,5G,21,Wednesday,False,21
TXN0000000028,2024-11-09 18:49:00,P2P,Grocery,146,SUCCESS,Delhi,PNB,HDFC,iOS,4G,18,Saturday,True,18
TXN0000000029,2024-09-09 15:24:00,P2P,Grocery,1755,SUCCESS,Delhi,SBI,IndusInd,Web,WiFi,15,Monday,False,15
TXN0000000030,2024-10-18 17:43:00,Bill Payment,Transport,165,SUCCESS,Rajasthan,SBI,SBI,Android,4G,17,Friday,False,17
TXN0000000031,2024-12-20 16:15:00,P2P,Healthcare,1495,SUCCESS,Gujarat,SBI,HDFC,Android,4G,16,Friday,False,16
TXN0000000032,2024-12-17 16:45:00,P2P,Grocery,394,SUCCESS,Gujarat,Yes Bank,SBI,Android,5G,16,Tuesday,False,16
TXN0000000033,2024-05-11 16:47:00,Recharge,Shopping,1693,SUCCESS,Telangana,SBI,IndusInd,Android,5G,16,Saturday,True,16
TXN0000000034,2024-05-25 13:30:00,P2M,Food,144,SUCCESS,Maharashtra,PNB,PNB,Android,WiFi,13,Saturday,True,13
TXN0000000035,2024-02-23 07:27:00,P2M,Fuel,1804,SUCCESS,Telangana,Axis,SBI,Android,4G,7,Friday,False,7
TXN0000000036,2024-04-19 22:12:00,P2P,Fuel,721,SUCCESS,Gujarat,HDFC,ICICI,Android,3G,22,Friday,False,22
TXN0000000037,2024-07-26 17:09:00,P2M,Shopping,7987,SUCCESS,Maharashtra,IndusInd,IndusInd,Android,4G,17,Friday,False,17
TXN0000000038,2024-08-16 21:26:00,Bill Payment,Shopping,5154,SUCCESS,Uttar Pradesh,ICICI,SBI,Web,5G,21,Friday,False,21
TXN0000000039,2024-07-23 17:02:00,P2P,Entertainment,131,SUCCESS,West Bengal,Yes Bank,SBI,Web,5G,17,Tuesday,False,17
TXN0000000040,2024-02-27 01:43:00,P2M,Healthcare,192,SUCCESS,Karnataka,SBI,SBI,Android,5G,1,Tuesday,False,1
TXN0000000041,2024-01-24 10:28:00,Recharge,Food,82,SUCCESS,Gujarat,HDFC,SBI,Android,5G,10,Wednesday,False,10
TXN0000000042,2024-10-29 12:54:00,P2M,Shopping,4309,SUCCESS,Maharashtra,Kotak,HDFC,Android,4G,12,Tuesday,False,12
TXN0000000043,2024-01-18 13:49:00,P2P,Utilities,2338,SUCCESS,Gujarat,Axis,SBI,Android,5G,13,Thursday,False,13
TXN0000000044,2024-02-17 14:03:00,P2M,Food,292,SUCCESS,Tamil Nadu,SBI,SBI,Android,4G,14,Saturday,True,14
TXN0000000045,2024-09-08 09:21:00,P2P,Grocery,765,SUCCESS,Maharashtra,SBI,Yes Bank,iOS,WiFi,9,Sunday,True,9
TXN0000000046,2024-09-29 21:04:00,P2P,Transport,51,SUCCESS,Uttar Pradesh,Axis,IndusInd,iOS,4G,21,Sunday,True,21
TXN0000000047,2024-03-04 09:35:00,Bill Payment,Food,144,SUCCESS,Delhi,Yes Bank,Axis,Android,WiFi,9,Monday,False,9
TXN0000000048,2024-02-06 17:19:00,P2P,Other,994,SUCCESS,Uttar Pradesh,PNB,SBI,Android,5G,17,Tuesday,False,17
TXN0000000049,2024-05-25 17:14:00,P2P,Shopping,2393,SUCCESS,Maharashtra,ICICI,ICICI,Android,5G,17,Saturday,True,17
TXN0000000050,2024-02-29 18:47:00,P2P,Other,864,SUCCESS,West Bengal,Yes Bank,SBI,Android,4G,18,Thursday,False,18
TXN0000000051,2024-12-05 18:42:00,P2P,Transport,36,SUCCESS,Gujarat,ICICI,IndusInd,Android,WiFi,18,Thursday,False,18
TXN0000000052,2024-02-15 10:52:00,P2M,Utilities,582,SUCCESS,Delhi,PNB,IndusInd,Android,4G,10,Thursday,False,10
TXN0000000053,2024-08-31 15:47:00,P2P,Other,364,SUCCESS,Gujarat,SBI,HDFC,iOS,4G,15,Saturday,True,15
TXN0000000054,2024-01-11 18:25:00,P2P,Other,203,SUCCESS,Delhi,SBI,IndusInd,Android,4G,18,Thursday,False,18
TXN0000000055,2024-04-29 18:29:00,P2M,Shopping,4987,SUCCESS,Karnataka,PNB,Yes Bank,iOS,4G,18,Monday,False,18
TXN0000000056,2024-09-13 10:41:00,P2P,Entertainment,213,SUCCESS,West Bengal,HDFC,Yes Bank,Android,4G,10,Friday,False,10
TXN0000000057,2024-10-07 05:43:00,P2M,Healthcare,1315,SUCCESS,West Bengal,HDFC,PNB,Android,4G,5,Monday,False,5
TXN0000000058,2024-01-16 21:57:00,P2P,Grocery,2685,SUCCESS,Gujarat,SBI,Kotak,Android,4G,21,Tuesday,False,21
TXN0000000059,2024-11-21 15:54:00,P2M,Entertainment,220,SUCCESS,Karnataka,PNB,ICICI,Android,4G,15,Thursday,False,15
TXN0000000060,2024-10-14 19:49:00,P2M,Fuel,1831,SUCCESS,Delhi,PNB,Kotak,iOS,5G,19,Monday,False,19
TXN0000000061,2024-09-11 20:20:00,P2P,Shopping,159,FAILED,Tamil Nadu,SBI,PNB,Android,5G,20,Wednesday,False,20
TXN0000000062,2024-08-25 15:26:00,P2P,Entertainment,475,SUCCESS,Karnataka,ICICI,HDFC,Android,4G,15,Sunday,True,15
TXN0000000063,2024-03-15 17:31:00,P2M,Food,351,SUCCESS,Uttar Pradesh,Yes Bank,ICICI,Android,5G,17,Friday,False,17
TXN0000000064,2024-01-12 08:34:00,P2P,Other,726,SUCCESS,Uttar Pradesh,SBI,PNB,Android,WiFi,8,Friday,False,8
TXN0000000065,2024-04-29 17:25:00,P2P,Food,386,SUCCESS,Uttar Pradesh,SBI,Yes Bank,Android,4G,17,Monday,False,17
TXN0000000066,2024-04-29 17:06:00,P2M,Food,55,SUCCESS,Rajasthan,ICICI,ICICI,iOS,4G,17,Monday,False,17
TXN0000000067,2024-07-14 05:33:00,P2M,Other,394,SUCCESS,Uttar Pradesh,SBI,ICICI,Android,4G,5,Sunday,True,5
TXN0000000068,2024-08-14 18:30:00,P2M,Shopping,221,FAILED,Delhi,HDFC,IndusInd,iOS,5G,18,Wednesday,False,18
TXN0000000069,2024-11-06 12:39:00,Bill Payment,Food,131,SUCCESS,Telangana,Axis,SBI,Android,4G,12,Wednesday,False,12
TXN0000000070,2024-04-08 12:29:00,P2M,Fuel,257,SUCCESS,Uttar Pradesh,PNB,Axis,Android,5G,12,Monday,False,12
TXN0000000071,2024-12-14 12:14:00,Bill Payment,Shopping,183,SUCCESS,Gujarat,PNB,Yes Bank,iOS,4G,12,Saturday,True,12
TXN0000000072,2024-01-27 08:43:00,P2P,Healthcare,1376,SUCCESS,Gujarat,IndusInd,Kotak,Android,4G,8,Saturday,True,8
TXN0000000073,2024-03-10 16:12:00,P2P,Other,760,SUCCESS,Maharashtra,SBI,SBI,Android,4G,16,Sunday,True,16
TXN0000000074,2024-12-04 18:27:00,Bill Payment,Utilities,2060,SUCCESS,Karnataka,Axis,ICICI,iOS,4G,18,Wednesday,False,18
TXN0000000075,2024-08-29 21:38:00,P2P,Food,929,SUCCESS,West Bengal,SBI,Yes Bank,iOS,4G,21,Thursday,False,21
TXN0000000076,2024-05-19 19:09:00,P2P,Transport,89,SUCCESS,Karnataka,PNB,Kotak,Android,5G,19,Sunday,True,19
TXN0000000077,2024-12-16 14:23:00,Bill Payment,Utilities,417,SUCCESS,Telangana,HDFC,SBI,Android,5G,14,Monday,False,14
TXN0000000078,2024-09-04 20:34:00,P2P,Utilities,1415,SUCCESS,Tamil Nadu,ICICI,SBI,Android,4G,20,Wednesday,False,20
TXN0000000079,2024-09-18 07:14:00,P2M,Education,588,SUCCESS,Rajasthan,Yes Bank,Axis,Android,4G,7,Wednesday,False,7
TXN0000000080,2024-11-08 20:26:00,P2M,Utilities,8335,SUCCESS,West Bengal,Axis,IndusInd,Web,4G,20,Friday,False,20
TXN0000000081,2024-10-20 13:14:00,Bill Payment,Utilities,4279,SUCCESS,Uttar Pradesh,PNB,SBI,Android,5G,13,Sunday,True,13
TXN0000000082,2024-08-03 13:15:00,P2M,Utilities,318,SUCCESS,Andhra Pradesh,PNB,Axis,Android,5G,13,Saturday,True,13
TXN0000000083,2024-01-03 10:03:00,P2M,Shopping,1496,SUCCESS,Uttar Pradesh,PNB,Kotak,Android,4G,10,Wednesday,False,10
TXN0000000084,2024-11-04 18:06:00,P2P,Utilities,924,SUCCESS,Karnataka,ICICI,ICICI,Android,4G,18,Monday,False,18
TXN0000000085,2024-04-30 19:43:00,P2P,Food,291,SUCCESS,Maharashtra,HDFC,ICICI,Web,4G,19,Tuesday,False,19
TXN0000000086,2024-09-02 18:42:00,Bill Payment,Grocery,665,SUCCESS,Maharashtra,Kotak,HDFC,iOS,4G,18,Monday,False,18
TXN0000000087,2024-01-20 11:01:00,P2P,Fuel,669,SUCCESS,Delhi,SBI,ICICI,iOS,3G,11,Saturday,True,11
TXN0000000088,2024-09-27 22:15:00,Recharge,Grocery,1855,SUCCESS,Tamil Nadu,IndusInd,ICICI,Android,4G,22,Friday,False,22
TXN0000000089,2024-04-03 12:09:00,P2M,Utilities,1015,SUCCESS,Uttar Pradesh,Axis,SBI,iOS,4G,12,Wednesday,False,12
TXN0000000090,2024-08-01 09:40:00,P2M,Other,188,SUCCESS,Gujarat,PNB,Kotak,Android,4G,9,Thursday,False,9
TXN0000000091,2024-07-14 12:18:00,P2P,Other,1702,SUCCESS,Telangana,SBI,SBI,Android,4G,12,Sunday,True,12
TXN0000000092,2024-08-04 10:24:00,Bill Payment,Food,1816,SUCCESS,Rajasthan,Kotak,SBI,Android,4G,10,Sunday,True,10
TXN0000000093,2024-05-19 18:03:00,P2P,Other,712,SUCCESS,Gujarat,SBI,PNB,Android,5G,18,Sunday,True,18
TXN0000000094,2024-10-12 20:55:00,P2M,Grocery,461,SUCCESS,Karnataka,SBI,IndusInd,Android,5G,20,Saturday,True,20
TXN0000000095,2024-01-22 16:45:00,P2P,Transport,224,SUCCESS,Gujarat,Axis,SBI,Android,5G,16,Monday,False,16
TXN0000000096,2024-03-23 22:12:00,P2P,Shopping,2202,SUCCESS,West Bengal,Axis,SBI,Android,4G,22,Saturday,True,22
TXN0000000097,2024-02-19 18:16:00,Bill Payment,Shopping,7821,SUCCESS,Rajasthan,Yes Bank,Kotak,Web,5G,18,Monday,False,18
TXN0000000098,2024-04-14 20:11:00,P2M,Shopping,2135,SUCCESS,Maharashtra,ICICI,HDFC,Android,4G,20,Sunday,True,20
TXN0000000099,2024-07-16 12:59:00,P2P,Utilities,2776,SUCCESS,Telangana,IndusInd,SBI,Android,3G,12,Tuesday,False,12
TXN0000000100,2024-10-24 16:39:00,P2M,Grocery,543,SUCCESS,Karnataka,HDFC,Axis,Android,4G,16,Thursday,False,16
TXN0000000101,2024-12-09 19:55:00,P2P,Food,215,SUCCESS,Karnataka,ICICI,Kotak,Android,4G,19,Monday,False,19
TXN0000000102,2024-02-19 18:16:00,P2M,Education,8754,SUCCESS,West Bengal,ICICI,PNB,Android,4G,18,Monday,False,18
TXN0000000103,2024-08-25 06:09:00,Bill Payment,Grocery,561,SUCCESS,Andhra Pradesh,ICICI,Axis,Android,4G,6,Sunday,True,6
TXN0000000104,2024-09-16 18:23:00,P2P,Other,147,SUCCESS,West Bengal,SBI,ICICI,Android,4G,18,Monday,False,18
TXN0000000105,2024-06-09 20:44:00,Bill Payment,Other,661,SUCCESS,West Bengal,Yes Bank,Kotak,iOS,4G,20,Sunday,True,20
TXN0000000106,2024-07-29 20:35:00,P2M,Shopping,7145,SUCCESS,West Bengal,PNB,Yes Bank,Android,WiFi,20,Monday,False,20
TXN0000000107,2024-07-17 10:07:00,P2P,Fuel,4468,SUCCESS,Gujarat,Kotak,Yes Bank,Android,5G,10,Wednesday,False,10
TXN0000000108,2024-12-24 11:08:00,Bill Payment,Utilities,2850,SUCCESS,Rajasthan,Kotak,ICICI,Android,WiFi,11,Tuesday,False,11
TXN0000000109,2024-10-13 20:29:00,P2M,Utilities,2142,SUCCESS,Rajasthan,ICICI,IndusInd,Android,4G,20,Sunday,True,20
TXN0000000110,2024-07-19 11:30:00,Recharge,Food,61,SUCCESS,Maharashtra,PNB,SBI,Android,5G,11,Friday,False,11
TXN0000000111,2024-04-16 16:11:00,P2P,Food,1288,SUCCESS,Gujarat,SBI,ICICI,Android,4G,16,Tuesday,False,16
TXN0000000112,2024-08-11 19:39:00,P2P,Food,1014,SUCCESS,Delhi,IndusInd,PNB,Android,3G,19,Sunday,True,19
TXN0000000113,2024-02-05 19:13:00,Bill Payment,Other,2474,SUCCESS,Delhi,Axis,HDFC,Web,WiFi,19,Monday,False,19
TXN0000000114,2024-11-25 19:54:00,P2M,Healthcare,861,SUCCESS,Rajasthan,Yes Bank,SBI,Android,5G,19,Monday,False,19
TXN0000000115,2024-04-26 20:45:00,P2P,Transport,507,SUCCESS,Andhra Pradesh,SBI,Axis,Android,5G,20,Friday,False,20
TXN0000000116,2024-08-06 13:16:00,P2M,Shopping,404,SUCCESS,Gujarat,ICICI,SBI,Android,4G,13,Tuesday,False,13
TXN0000000117,2024-02-04 17:37:00,P2M,Other,621,SUCCESS,Delhi,SBI,Yes Bank,iOS,WiFi,17,Sunday,True,17
TXN0000000118,2024-10-24 09:26:00,Bill Payment,Fuel,1830,SUCCESS,Telangana,IndusInd,SBI,Android,4G,9,Thursday,False,9
TXN0000000119,2024-04-03 13:21:00,P2M,Other,657,SUCCESS,Delhi,PNB,HDFC,iOS,4G,13,Wednesday,False,13
TXN0000000120,2024-10-25 11:34:00,P2P,Shopping,6804,SUCCESS,Karnataka,Yes Bank,SBI,Android,5G,11,Friday,False,11
TXN0000000121,2024-03-20 05:14:00,P2P,Utilities,261,SUCCESS,Gujarat,HDFC,SBI,Android,4G,5,Wednesday,False,5
TXN0000000122,2024-01-20 13:38:00,P2P,Entertainment,268,SUCCESS,Uttar Pradesh,HDFC,PNB,Android,WiFi,13,Saturday,True,13
TXN0000000123,2024-01-03 14:46:00,P2P,Transport,1410,SUCCESS,Karnataka,SBI,Yes Bank,Android,4G,14,Wednesday,False,14
TXN0000000124,2024-01-23 11:47:00,P2P,Utilities,342,SUCCESS,Uttar Pradesh,Kotak,SBI,iOS,WiFi,11,Tuesday,False,11
TXN0000000125,2024-04-09 13:39:00,Bill Payment,Utilities,3941,SUCCESS,Telangana,HDFC,HDFC,iOS,4G,13,Tuesday,False,13
TXN0000000126,2024-05-12 11:54:00,P2M,Grocery,4073,SUCCESS,Gujarat,Axis,Yes Bank,Android,WiFi,11,Sunday,True,11
TXN0000000127,2024-04-29 15:05:00,P2M,Food,91,SUCCESS,Telangana,Axis,SBI,Android,4G,15,Monday,False,15
TXN0000000128,2024-09-14 13:32:00,Bill Payment,Entertainment,209,SUCCESS,Karnataka,HDFC,ICICI,Web,4G,13,Saturday,True,13
TXN0000000129,2024-03-09 18:13:00,P2P,Transport,37,SUCCESS,Karnataka,HDFC,IndusInd,Android,5G,18,Saturday,True,18
TXN0000000130,2024-09-05 11:42:00,P2P,Fuel,596,SUCCESS,Maharashtra,Axis,HDFC,Android,4G,11,Thursday,False,11
TXN0000000131,2024-10-10 23:26:00,P2M,Transport,66,SUCCESS,Maharashtra,ICICI,PNB,iOS,4G,23,Thursday,False,23
TXN0000000132,2024-12-28 10:47:00,Recharge,Food,225,SUCCESS,Maharashtra,ICICI,HDFC,Android,4G,10,Saturday,True,10
TXN0000000133,2024-04-05 20:33:00,P2M,Entertainment,187,SUCCESS,Delhi,SBI,Axis,Android,4G,20,Friday,False,20
TXN0000000134,2024-10-15 19:38:00,P2P,Shopping,7155,SUCCESS,Tamil Nadu,ICICI,IndusInd,Android,4G,19,Tuesday,False,19
TXN0000000135,2024-12-14 19:24:00,Bill Payment,Shopping,5879,SUCCESS,Telangana,SBI,PNB,Android,5G,19,Saturday,True,19
TXN0000000136,2024-09-02 20:42:00,P2P,Entertainment,561,SUCCESS,Delhi,SBI,Yes Bank,Android,WiFi,20,Monday,False,20
TXN0000000137,2024-12-02 13:26:00,Bill Payment,Utilities,6011,SUCCESS,Maharashtra,SBI,Yes Bank,Android,4G,13,Monday,False,13
TXN0000000138,2024-08-15 07:34:00,P2P,Entertainment,223,SUCCESS,Telangana,SBI,SBI,Android,5G,7,Thursday,False,7
TXN0000000139,2024-11-07 15:35:00,Bill Payment,Fuel,4864,SUCCESS,Maharashtra,Kotak,SBI,iOS,WiFi,15,Thursday,False,15
TXN0000000140,2024-09-04 16:28:00,P2M,Food,2350,SUCCESS,Delhi,SBI,IndusInd,Android,5G,16,Wednesday,False,16
TXN0000000141,2024-04-09 14:17:00,P2M,Utilities,284,SUCCESS,Telangana,SBI,Kotak,Android,4G,14,Tuesday,False,14
TXN0000000142,2024-06-22 23:08:00,P2P,Shopping,1174,SUCCESS,West Bengal,IndusInd,HDFC,Android,4G,23,Saturday,True,23
TXN0000000143,2024-08-15 19:38:00,P2P,Shopping,1773,SUCCESS,Maharashtra,IndusInd,ICICI,Android,4G,19,Thursday,False,19
TXN0000000144,2024-01-07 09:55:00,P2P,Grocery,2839,SUCCESS,Uttar Pradesh,HDFC,SBI,iOS,4G,9,Sunday,True,9
TXN0000000145,2024-06-13 08:59:00,P2P,Shopping,3757,SUCCESS,Uttar Pradesh,SBI,SBI,Android,4G,8,Thursday,False,8
TXN0000000146,2024-10-14 12:46:00,P2P,Grocery,599,SUCCESS,Uttar Pradesh,ICICI,ICICI,Android,4G,12,Monday,False,12
TXN0000000147,2024-02-18 16:12:00,P2P,Healthcare,720,SUCCESS,Gujarat,PNB,ICICI,iOS,4G,16,Sunday,True,16
TXN0000000148,2024-05-05 12:38:00,P2M,Food,646,SUCCESS,Rajasthan,IndusInd,SBI,Android,5G,12,Sunday,True,12
TXN0000000149,2024-06-06 19:51:00,P2M,Food,211,SUCCESS,Delhi,SBI,SBI,iOS,4G,19,Thursday,False,19
TXN0000000150,2024-08-19 17:33:00,P2P,Transport,58,SUCCESS,Rajasthan,IndusInd,PNB,Android,5G,17,Monday,False,17
TXN0000000151,2024-05-17 17:03:00,P2P,Food,377,SUCCESS,Maharashtra,ICICI,SBI,iOS,5G,17,Friday,False,17
TXN0000000152,2024-03-08 21:15:00,Recharge,Transport,1072,SUCCESS,Maharashtra,Axis,HDFC,Android,5G,21,Friday,False,21
TXN0000000153,2024-02-05 08:16:00,P2M,Transport,16,FAILED,Uttar Pradesh,PNB,PNB,Android,WiFi,8,Monday,False,8
TXN0000000154,2024-11-13 17:30:00,P2P,Food,1753,SUCCESS,Karnataka,PNB,Axis,Android,WiFi,17,Wednesday,False,17
TXN0000000155,2024-12-21 10:58:00,P2P,Grocery,345,SUCCESS,West Bengal,ICICI,SBI,iOS,4G,10,Saturday,True,10
TXN0000000156,2024-02-22 11:42:00,P2M,Grocery,174,SUCCESS,Uttar Pradesh,HDFC,SBI,Android,4G,11,Thursday,False,11
TXN0000000157,2024-11-01 12:59:00,P2P,Entertainment,69,SUCCESS,Uttar Pradesh,SBI,PNB,Android,4G,12,Friday,False,12
TXN0000000158,2024-05-09 16:22:00,P2M,Grocery,301,SUCCESS,Telangana,SBI,ICICI,Android,4G,16,Thursday,False,16
TXN0000000159,2024-06-02 22:38:00,Recharge,Utilities,3091,SUCCESS,Maharashtra,ICICI,IndusInd,Android,4G,22,Sunday,True,22
TXN0000000160,2024-02-16 18:51:00,Bill Payment,Shopping,9619,SUCCESS,Maharashtra,SBI,IndusInd,Android,4G,18,Friday,False,18
TXN0000000161,2024-09-13 12:17:00,P2P,Entertainment,727,SUCCESS,Gujarat,Yes Bank,Yes Bank,iOS,4G,12,Friday,False,12
TXN0000000162,2024-10-12 17:50:00,P2M,Fuel,375,SUCCESS,Rajasthan,HDFC,Axis,Android,4G,17,Saturday,True,17
TXN0000000163,2024-12-29 15:13:00,P2M,Grocery,700,SUCCESS,Maharashtra,Kotak,Yes Bank,Android,5G,15,Sunday,True,15
TXN0000000164,2024-05-19 17:12:00,Bill Payment,Shopping,2289,SUCCESS,Andhra Pradesh,Kotak,Kotak,Android,5G,17,Sunday,True,17
TXN0000000165,2024-12-14 17:48:00,P2P,Fuel,797,SUCCESS,Tamil Nadu,SBI,SBI,Web,5G,17,Saturday,True,17
TXN0000000166,2024-10-29 04:05:00,P2P,Shopping,9228,SUCCESS,West Bengal,SBI,Yes Bank,Android,WiFi,4,Tuesday,False,4
TXN0000000167,2024-02-13 16:30:00,P2P,Other,1553,SUCCESS,Karnataka,PNB,SBI,Android,3G,16,Tuesday,False,16
TXN0000000168,2024-08-18 09:16:00,P2M,Entertainment,578,SUCCESS,Andhra Pradesh,HDFC,HDFC,Android,4G,9,Sunday,True,9
TXN0000000169,2024-07-20 20:07:00,P2M,Food,232,FAILED,Andhra Pradesh,Axis,SBI,iOS,WiFi,20,Saturday,True,20
TXN0000000170,2024-07-30 18:10:00,P2M,Fuel,2545,SUCCESS,Uttar Pradesh,SBI,SBI,iOS,4G,18,Tuesday,False,18
TXN0000000171,2024-01-25 07:20:00,P2P,Shopping,457,SUCCESS,Maharashtra,SBI,IndusInd,Android,4G,7,Thursday,False,7
TXN0000000172,2024-09-27 05:16:00,Recharge,Grocery,317,SUCCESS,Delhi,Yes Bank,IndusInd,Android,3G,5,Friday,False,5
TXN0000000173,2024-08-13 18:50:00,P2M,Food,132,SUCCESS,Uttar Pradesh,SBI,SBI,Android,4G,18,Tuesday,False,18
TXN0000000174,2024-04-04 12:34:00,P2P,Grocery,1414,SUCCESS,Rajasthan,IndusInd,SBI,Android,4G,12,Thursday,False,12
TXN0000000175,2024-03-17 17:51:00,P2M,Food,355,SUCCESS,Maharashtra,SBI,Yes Bank,Android,4G,17,Sunday,True,17
TXN0000000176,2024-01-15 10:49:00,P2M,Education,2335,SUCCESS,Maharashtra,Axis,SBI,Android,4G,10,Monday,False,10
TXN0000000177,2024-09-24 18:42:00,P2M,Fuel,443,SUCCESS,Andhra Pradesh,Kotak,SBI,Android,4G,18,Tuesday,False,18
TXN0000000178,2024-05-05 20:50:00,P2P,Food,167,SUCCESS,Tamil Nadu,PNB,SBI,Android,5G,20,Sunday,True,20
TXN0000000179,2024-07-21 19:48:00,P2P,Shopping,7210,SUCCESS,Maharashtra,Axis,Axis,Android,5G,19,Sunday,True,19
TXN0000000180,2024-06-07 21:47:00,P2P,Utilities,2148,SUCCESS,Uttar Pradesh,SBI,SBI,Android,5G,21,Friday,False,21
TXN0000000181,2024-01-20 19:24:00,P2M,Food,57,SUCCESS,Maharashtra,SBI,HDFC,Android,4G,19,Saturday,True,19
TXN0000000182,2024-12-06 15:39:00,P2P,Grocery,2241,FAILED,Tamil Nadu,SBI,ICICI,Android,5G,15,Friday,False,15
TXN0000000183,2024-05-21 21:29:00,P2M,Shopping,1688,SUCCESS,Delhi,SBI,SBI,iOS,4G,21,Tuesday,False,21
TXN0000000184,2024-08-26 09:03:00,P2P,Healthcare,250,SUCCESS,Uttar Pradesh,SBI,Yes Bank,Android,5G,9,Monday,False,9
TXN0000000185,2024-02-05 14:15:00,P2P,Utilities,957,SUCCESS,Karnataka,SBI,Axis,iOS,WiFi,14,Monday,False,14
TXN0000000186,2024-03-05 17:03:00,Bill Payment,Shopping,2555,SUCCESS,Gujarat,Axis,PNB,Android,4G,17,Tuesday,False,17
TXN0000000187,2024-02-19 14:56:00,P2P,Shopping,6786,SUCCESS,Karnataka,PNB,Yes Bank,Android,4G,14,Monday,False,14
TXN0000000188,2024-06-25 18:04:00,P2M,Shopping,1108,SUCCESS,Gujarat,PNB,ICICI,Android,5G,18,Tuesday,False,18
TXN0000000189,2024-06-23 01:12:00,P2M,Fuel,503,SUCCESS,Delhi,Kotak,PNB,iOS,5G,1,Sunday,True,1
TXN0000000190,2024-11-02 14:06:00,Bill Payment,Grocery,1990,SUCCESS,Tamil Nadu,ICICI,Yes Bank,Android,5G,14,Saturday,True,14
TXN0000000191,2024-11-07 16:22:00,P2P,Shopping,1838,SUCCESS,Karnataka,HDFC,ICICI,Android,3G,16,Thursday,False,16
TXN0000000192,2024-07-15 21:31:00,P2P,Food,744,SUCCESS,Telangana,Axis,SBI,Android,4G,21,Monday,False,21
TXN0000000193,2024-01-14 21:13:00,P2M,Grocery,831,SUCCESS,Karnataka,SBI,PNB,Android,4G,21,Sunday,True,21
TXN0000000194,2024-02-02 20:17:00,P2M,Other,1487,SUCCESS,Tamil Nadu,PNB,SBI,Android,4G,20,Friday,False,20
TXN0000000195,2024-02-06 19:21:00,Bill Payment,Food,303,SUCCESS,Telangana,PNB,Yes Bank,iOS,3G,19,Tuesday,False,19
TXN0000000196,2024-12-07 21:46:00,Bill Payment,Utilities,5798,SUCCESS,Rajasthan,Axis,PNB,Android,WiFi,21,Saturday,True,21
TXN0000000197,2024-03-23 21:20:00,P2P,Grocery,1490,FAILED,Maharashtra,SBI,ICICI,Android,4G,21,Saturday,True,21
TXN0000000198,2024-04-19 20:35:00,P2P,Other,1092,SUCCESS,Uttar Pradesh,IndusInd,Yes Bank,iOS,4G,20,Friday,False,20
TXN0000000199,2024-05-11 17:56:00,P2M,Transport,268,SUCCESS,Delhi,Axis,ICICI,Android,4G,17,Saturday,True,17
TXN0000000200,2024-03-06 00:47:00,Bill Payment,Entertainment,1659,FAILED,Tamil Nadu,SBI,Axis,Android,4G,0,Wednesday,False,0
TXN0000000201,2024-03-07 14:29:00,Recharge,Food,772,SUCCESS,Maharashtra,ICICI,Axis,Android,WiFi,14,Thursday,False,14
TXN0000000202,2024-10-12 11:19:00,P2M,Grocery,447,SUCCESS,Rajasthan,HDFC,IndusInd,Android,4G,11,Saturday,True,11
TXN0000000203,2024-09-24 17:28:00,Bill Payment,Utilities,321,SUCCESS,Tamil Nadu,PNB,IndusInd,Android,WiFi,17,Tuesday,False,17
TXN0000000204,2024-11-22 18:55:00,P2M,Food,488,SUCCESS,Delhi,Kotak,PNB,Android,4G,18,Friday,False,18
TXN0000000205,2024-01-21 19:27:00,P2P,Food,291,SUCCESS,West Bengal,Axis,ICICI,Android,5G,19,Sunday,True,19
TXN0000000206,2024-09-13 16:18:00,P2M,Fuel,597,SUCCESS,Uttar Pradesh,SBI,ICICI,Android,4G,16,Friday,False,16
TXN0000000207,2024-12-27 13:10:00,P2M,Transport,111,SUCCESS,Telangana,SBI,Yes Bank,Android,4G,13,Friday,False,13
TXN0000000208,2024-03-31 11:33:00,P2M,Other,728,SUCCESS,Andhra Pradesh,PNB,Kotak,Android,5G,11,Sunday,True,11
TXN0000000209,2024-08-20 23:26:00,Bill Payment,Transport,91,SUCCESS,Gujarat,SBI,IndusInd,Android,5G,23,Tuesday,False,23
TXN0000000210,2024-08-01 12:21:00,Bill Payment,Shopping,7683,SUCCESS,Karnataka,Kotak,Axis,Android,4G,12,Thursday,False,12
TXN0000000211,2024-04-10 07:06:00,P2P,Other,330,SUCCESS,West Bengal,SBI,ICICI,Android,4G,7,Wednesday,False,7
TXN0000000212,2024-08-04 09:01:00,Recharge,Entertainment,106,SUCCESS,Telangana,Kotak,HDFC,Android,4G,9,Sunday,True,9
TXN0000000213,2024-10-31 20:07:00,P2P,Grocery,120,SUCCESS,Andhra Pradesh,IndusInd,HDFC,Android,4G,20,Thursday,False,20
TXN0000000214,2024-10-15 21:09:00,P2P,Food,178,SUCCESS,Andhra Pradesh,Yes Bank,Yes Bank,Android,4G,21,Tuesday,False,21
TXN0000000215,2024-05-07 12:38:00,P2P,Grocery,343,SUCCESS,Karnataka,ICICI,ICICI,Android,4G,12,Tuesday,False,12
TXN0000000216,2024-01-28 22:56:00,P2M,Healthcare,105,SUCCESS,Andhra Pradesh,Yes Bank,Axis,iOS,5G,22,Sunday,True,22
TXN0000000217,2024-09-02 16:36:00,P2P,Utilities,2679,SUCCESS,Rajasthan,HDFC,HDFC,iOS,4G,16,Monday,False,16
TXN0000000218,2024-03-27 15:38:00,Bill Payment,Grocery,281,SUCCESS,Telangana,Axis,Axis,Android,4G,15,Wednesday,False,15
TXN0000000219,2024-02-02 16:40:00,Bill Payment,Entertainment,120,SUCCESS,Tamil Nadu,IndusInd,SBI,Android,4G,16,Friday,False,16
TXN0000000220,2024-09-06 07:47:00,P2P,Other,3324,SUCCESS,Tamil Nadu,HDFC,SBI,Android,WiFi,7,Friday,False,7
TXN0000000221,2024-01-09 08:28:00,P2P,Food,151,FAILED,West Bengal,SBI,HDFC,Android,4G,8,Tuesday,False,8
TXN0000000222,2024-04-07 11:34:00,P2P,Utilities,1687,SUCCESS,Uttar Pradesh,HDFC,HDFC,Android,4G,11,Sunday,True,11
TXN0000000223,2024-02-22 18:40:00,P2P,Food,89,SUCCESS,Telangana,Axis,HDFC,iOS,4G,18,Thursday,False,18
TXN0000000224,2024-01-06 15:42:00,Bill Payment,Entertainment,129,SUCCESS,Karnataka,Axis,Yes Bank,Android,WiFi,15,Saturday,True,15
TXN0000000225,2024-02-09 05:48:00,P2P,Grocery,188,SUCCESS,Delhi,PNB,SBI,Android,4G,5,Friday,False,5
TXN0000000226,2024-04-19 21:57:00,Bill Payment,Food,69,SUCCESS,Andhra Pradesh,ICICI,HDFC,Android,4G,21,Friday,False,21
TXN0000000227,2024-05-06 11:36:00,P2M,Grocery,263,SUCCESS,West Bengal,ICICI,Axis,Android,4G,11,Monday,False,11
TXN0000000228,2024-08-26 13:03:00,Bill Payment,Other,386,SUCCESS,Delhi,Yes Bank,Kotak,Android,4G,13,Monday,False,13
TXN0000000229,2024-10-09 11:26:00,Bill Payment,Entertainment,546,SUCCESS,Tamil Nadu,SBI,SBI,Android,4G,11,Wednesday,False,11
TXN0000000230,2024-12-20 17:29:00,Bill Payment,Healthcare,1233,SUCCESS,West Bengal,Yes Bank,PNB,Android,4G,17,Friday,False,17
TXN0000000231,2024-04-13 13:34:00,P2M,Utilities,5295,SUCCESS,Rajasthan,PNB,SBI,Android,4G,13,Saturday,True,13
TXN0000000232,2024-10-01 00:01:00,P2M,Grocery,89,SUCCESS,Tamil Nadu,SBI,ICICI,Android,4G,0,Tuesday,False,0
TXN0000000233,2024-06-01 19:45:00,P2M,Food,239,SUCCESS,West Bengal,PNB,IndusInd,Android,4G,19,Saturday,True,19
TXN0000000234,2024-03-09 19:03:00,P2P,Grocery,1585,SUCCESS,Telangana,Axis,IndusInd,iOS,5G,19,Saturday,True,19
TXN0000000235,2024-11-08 09:04:00,P2M,Grocery,348,SUCCESS,Gujarat,HDFC,Yes Bank,Android,5G,9,Friday,False,9
TXN0000000236,2024-12-19 16:57:00,P2M,Shopping,1946,SUCCESS,Tamil Nadu,Axis,HDFC,Android,5G,16,Thursday,False,16
TXN0000000237,2024-07-04 17:49:00,P2P,Other,321,SUCCESS,Delhi,ICICI,Axis,Android,4G,17,Thursday,False,17
TXN0000000238,2024-06-15 18:47:00,P2M,Grocery,348,SUCCESS,Andhra Pradesh,SBI,Yes Bank,Android,5G,18,Saturday,True,18
TXN0000000239,2024-04-14 22:44:00,P2P,Grocery,1509,SUCCESS,Rajasthan,IndusInd,Yes Bank,Android,4G,22,Sunday,True,22
TXN0000000240,2024-09-28 20:20:00,Bill Payment,Grocery,854,SUCCESS,Maharashtra,IndusInd,PNB,iOS,WiFi,20,Saturday,True,20
TXN0000000241,2024-03-21 17:24:00,P2P,Healthcare,4536,FAILED,Rajasthan,PNB,Axis,iOS,4G,17,Thursday,False,17
TXN0000000242,2024-04-19 19:02:00,Bill Payment,Entertainment,116,FAILED,Delhi,Yes Bank,IndusInd,Android,4G,19,Friday,False,19
TXN0000000243,2024-02-19 17:57:00,P2M,Grocery,417,SUCCESS,Uttar Pradesh,SBI,Axis,Web,5G,17,Monday,False,17
TXN0000000244,2024-08-24 18:24:00,P2P,Grocery,1242,SUCCESS,Telangana,SBI,SBI,iOS,4G,18,Saturday,True,18
TXN0000000245,2024-02-27 20:23:00,P2M,Other,767,SUCCESS,Uttar Pradesh,Kotak,PNB,Android,WiFi,20,Tuesday,False,20
TXN0000000246,2024-05-04 08:53:00,P2M,Utilities,1849,FAILED,Karnataka,Yes Bank,PNB,Android,WiFi,8,Saturday,True,8
TXN0000000247,2024-07-19 08:17:00,P2P,Education,3518,SUCCESS,Karnataka,Yes Bank,SBI,Android,4G,8,Friday,False,8
TXN0000000248,2024-12-20 07:30:00,P2P,Food,36,SUCCESS,Uttar Pradesh,Yes Bank,IndusInd,Android,4G,7,Friday,False,7
TXN0000000249,2024-01-06 09:10:00,P2M,Food,760,SUCCESS,Andhra Pradesh,PNB,PNB,Android,4G,9,Saturday,True,9
TXN0000000250,2024-03-22 20:02:00,Bill Payment,Other,852,SUCCESS,Maharashtra,HDFC,Yes Bank,iOS,4G,20,Friday,False,20
TXN0000000251,2024-03-23 23:29:00,P2P,Fuel,2521,SUCCESS,Maharashtra,PNB,ICICI,Android,5G,23,Saturday,True,23
TXN0000000252,2024-03-11 23:56:00,Recharge,Entertainment,138,SUCCESS,Maharashtra,HDFC,Kotak,Android,WiFi,23,Monday,False,23
TXN0000000253,2024-10-30 21:46:00,P2P,Food,582,SUCCESS,Maharashtra,Kotak,Yes Bank,Android,4G,21,Wednesday,False,21
TXN0000000254,2024-03-14 10:20:00,Recharge,Transport,619,SUCCESS,West Bengal,IndusInd,IndusInd,iOS,WiFi,10,Thursday,False,10
TXN0000000255,2024-12-09 15:59:00,P2M,Healthcare,705,SUCCESS,Gujarat,SBI,Yes Bank,Android,4G,15,Monday,False,15
TXN0000000256,2024-10-02 17:10:00,Bill Payment,Other,529,SUCCESS,Telangana,Yes Bank,SBI,iOS,4G,17,Wednesday,False,17
TXN0000000257,2024-12-09 09:53:00,P2M,Healthcare,173,SUCCESS,Karnataka,PNB,Yes Bank,Android,4G,9,Monday,False,9
TXN0000000258,2024-11-11 17:13:00,P2M,Food,1048,SUCCESS,Delhi,PNB,IndusInd,Android,5G,17,Monday,False,17
TXN0000000259,2024-12-13 09:51:00,P2P,Other,182,SUCCESS,Karnataka,Yes Bank,Yes Bank,Android,4G,9,Friday,False,9
TXN0000000260,2024-11-01 13:34:00,P2M,Education,1758,SUCCESS,Maharashtra,Yes Bank,IndusInd,Android,4G,13,Friday,False,13
TXN0000000261,2024-09-26 13:42:00,P2M,Transport,24,SUCCESS,Telangana,HDFC,PNB,Android,4G,13,Thursday,False,13
TXN0000000262,2024-04-18 11:57:00,Bill Payment,Food,190,SUCCESS,Gujarat,SBI,Axis,iOS,4G,11,Thursday,False,11
TXN0000000263,2024-05-08 12:36:00,P2M,Grocery,1884,SUCCESS,Maharashtra,PNB,Axis,Android,4G,12,Wednesday,False,12
TXN0000000264,2024-12-26 17:04:00,P2M,Food,68,SUCCESS,Gujarat,PNB,Yes Bank,iOS,WiFi,17,Thursday,False,17
TXN0000000265,2024-12-27 18:59:00,Bill Payment,Other,310,SUCCESS,Karnataka,Kotak,ICICI,Android,5G,18,Friday,False,18
TXN0000000266,2024-10-28 14:01:00,P2P,Utilities,1526,SUCCESS,Delhi,SBI,Kotak,Android,3G,14,Monday,False,14
TXN0000000267,2024-11-22 14:59:00,P2M,Grocery,520,SUCCESS,Karnataka,Yes Bank,PNB,iOS,4G,14,Friday,False,14
TXN0000000268,2024-10-12 21:22:00,P2M,Food,415,SUCCESS,West Bengal,SBI,PNB,Android,4G,21,Saturday,True,21
TXN0000000269,2024-11-15 12:02:00,P2P,Utilities,1921,SUCCESS,Tamil Nadu,Kotak,SBI,iOS,5G,12,Friday,False,12
TXN0000000270,2024-01-11 13:12:00,P2P,Other,427,SUCCESS,Uttar Pradesh,Axis,HDFC,iOS,4G,13,Thursday,False,13
TXN0000000271,2024-06-21 20:33:00,P2P,Food,1532,SUCCESS,Maharashtra,IndusInd,HDFC,Android,WiFi,20,Friday,False,20
TXN0000000272,2024-10-21 07:42:00,P2P,Utilities,280,SUCCESS,Rajasthan,IndusInd,SBI,Android,4G,7,Monday,False,7
TXN0000000273,2024-08-24 16:27:00,P2M,Transport,238,SUCCESS,Gujarat,SBI,SBI,Android,4G,16,Saturday,True,16
TXN0000000274,2024-08-14 16:23:00,P2P,Healthcare,222,SUCCESS,Delhi,ICICI,IndusInd,Android,5G,16,Wednesday,False,16
TXN0000000275,2024-06-15 22:34:00,Recharge,Transport,133,SUCCESS,Delhi,Yes Bank,Axis,Android,4G,22,Saturday,True,22
TXN0000000276,2024-07-09 05:30:00,P2M,Food,273,SUCCESS,Tamil Nadu,ICICI,SBI,iOS,5G,5,Tuesday,False,5
TXN0000000277,2024-04-15 14:24:00,P2P,Food,295,SUCCESS,Maharashtra,PNB,SBI,Android,4G,14,Monday,False,14
TXN0000000278,2024-06-25 12:05:00,P2P,Transport,151,SUCCESS,Telangana,Yes Bank,SBI,iOS,5G,12,Tuesday,False,12
TXN0000000279,2024-10-05 22:53:00,P2P,Food,1185,SUCCESS,Uttar Pradesh,ICICI,HDFC,Android,4G,22,Saturday,True,22
TXN0000000280,2024-04-07 11:51:00,P2M,Education,4571,FAILED,Karnataka,HDFC,HDFC,iOS,5G,11,Sunday,True,11
TXN0000000281,2024-10-25 03:02:00,Bill Payment,Shopping,188,SUCCESS,Andhra Pradesh,PNB,SBI,Android,5G,3,Friday,False,3
TXN0000000282,2024-03-15 23:59:00,Bill Payment,Food,260,SUCCESS,Maharashtra,Axis,PNB,Android,4G,23,Friday,False,23
TXN0000000283,2024-08-06 15:54:00,P2M,Grocery,679,SUCCESS,Maharashtra,PNB,SBI,Android,4G,15,Tuesday,False,15
TXN0000000284,2024-04-13 19:56:00,P2P,Grocery,1241,SUCCESS,Gujarat,Yes Bank,Axis,Android,4G,19,Saturday,True,19
TXN0000000285,2024-03-20 18:36:00,P2P,Transport,93,SUCCESS,Telangana,IndusInd,HDFC,Android,4G,18,Wednesday,False,18
TXN0000000286,2024-12-29 14:06:00,Bill Payment,Utilities,1577,SUCCESS,Andhra Pradesh,IndusInd,IndusInd,Android,4G,14,Sunday,True,14
TXN0000000287,2024-08-03 08:37:00,P2M,Fuel,282,SUCCESS,Delhi,ICICI,HDFC,Android,4G,8,Saturday,True,8
TXN0000000288,2024-11-04 07:39:00,Bill Payment,Fuel,474,SUCCESS,Uttar Pradesh,Axis,PNB,Android,4G,7,Monday,False,7
TXN0000000289,2024-06-05 23:20:00,P2M,Shopping,5634,SUCCESS,Maharashtra,Axis,HDFC,Android,4G,23,Wednesday,False,23
TXN0000000290,2024-11-24 15:25:00,P2M,Entertainment,396,SUCCESS,Maharashtra,PNB,PNB,Android,4G,15,Sunday,True,15
TXN0000000291,2024-02-03 12:02:00,P2M,Other,669,SUCCESS,Andhra Pradesh,SBI,SBI,iOS,4G,12,Saturday,True,12
TXN0000000292,2024-11-02 11:14:00,P2M,Shopping,1078,SUCCESS,Maharashtra,HDFC,IndusInd,Android,WiFi,11,Saturday,True,11
TXN0000000293,2024-10-21 18:43:00,P2M,Grocery,283,SUCCESS,Maharashtra,Yes Bank,PNB,iOS,5G,18,Monday,False,18
TXN0000000294,2024-02-16 21:03:00,P2M,Entertainment,351,SUCCESS,Uttar Pradesh,ICICI,ICICI,Android,4G,21,Friday,False,21
TXN0000000295,2024-10-24 20:32:00,P2P,Food,2155,SUCCESS,Tamil Nadu,ICICI,HDFC,Android,5G,20,Thursday,False,20
TXN0000000296,2024-02-02 16:50:00,P2P,Grocery,682,SUCCESS,Tamil Nadu,SBI,Yes Bank,Android,4G,16,Friday,False,16
TXN0000000297,2024-01-13 14:03:00,P2P,Food,166,SUCCESS,Andhra Pradesh,SBI,PNB,iOS,4G,14,Saturday,True,14
TXN0000000298,2024-07-03 22:20:00,P2P,Shopping,4046,SUCCESS,Gujarat,SBI,SBI,iOS,4G,22,Wednesday,False,22
TXN0000000299,2024-09-18 16:38:00,Recharge,Transport,865,SUCCESS,West Bengal,Kotak,ICICI,Android,4G,16,Wednesday,False,16
TXN0000000300,2024-04-13 23:31:00,P2P,Utilities,12568,SUCCESS,Tamil Nadu,Kotak,Axis,Android,4G,23,Saturday,True,23
TXN0000000301,2024-01-17 20:01:00,Bill Payment,Education,10309,SUCCESS,Andhra Pradesh,HDFC,ICICI,Android,4G,20,Wednesday,False,20
TXN0000000302,2024-01-21 12:13:00,Bill Payment,Fuel,5359,SUCCESS,Gujarat,ICICI,PNB,Android,4G,12,Sunday,True,12
TXN0000000303,2024-04-16 13:35:00,P2M,Fuel,1287,SUCCESS,Telangana,Axis,PNB,Android,5G,13,Tuesday,False,13
TXN0000000304,2024-03-12 20:30:00,P2M,Healthcare,2928,SUCCESS,West Bengal,SBI,ICICI,iOS,4G,20,Tuesday,False,20
TXN0000000305,2024-05-07 06:44:00,P2P,Transport,309,SUCCESS,Tamil Nadu,PNB,IndusInd,iOS,4G,6,Tuesday,False,6
TXN0000000306,2024-09-09 10:38:00,P2M,Grocery,167,SUCCESS,Uttar Pradesh,ICICI,Axis,iOS,4G,10,Monday,False,10
TXN0000000307,2024-06-23 19:22:00,P2P,Food,255,SUCCESS,Rajasthan,HDFC,PNB,iOS,4G,19,Sunday,True,19
TXN0000000308,2024-03-09 20:25:00,P2P,Utilities,2499,SUCCESS,Karnataka,SBI,PNB,Android,4G,20,Saturday,True,20
TXN0000000309,2024-10-27 00:03:00,P2M,Shopping,2775,SUCCESS,Gujarat,SBI,PNB,Android,WiFi,0,Sunday,True,0
TXN0000000310,2024-02-28 11:14:00,P2P,Grocery,140,SUCCESS,West Bengal,PNB,ICICI,Android,4G,11,Wednesday,False,11
TXN0000000311,2024-08-24 04:40:00,Bill Payment,Utilities,3255,SUCCESS,Tamil Nadu,PNB,Yes Bank,iOS,4G,4,Saturday,True,4
TXN0000000312,2024-07-29 18:44:00,Bill Payment,Fuel,935,SUCCESS,Karnataka,IndusInd,Axis,Android,5G,18,Monday,False,18
TXN0000000313,2024-06-06 20:07:00,P2P,Utilities,2428,SUCCESS,Uttar Pradesh,ICICI,SBI,Android,4G,20,Thursday,False,20
TXN0000000314,2024-10-18 09:36:00,P2P,Healthcare,333,SUCCESS,West Bengal,PNB,HDFC,Android,4G,9,Friday,False,9
TXN0000000315,2024-10-13 19:36:00,P2P,Grocery,1037,SUCCESS,Gujarat,Axis,ICICI,Android,4G,19,Sunday,True,19
TXN0000000316,2024-06-24 21:49:00,P2M,Other,221,SUCCESS,Gujarat,IndusInd,SBI,Android,4G,21,Monday,False,21
TXN0000000317,2024-01-30 13:44:00,P2M,Transport,409,SUCCESS,Andhra Pradesh,HDFC,PNB,Web,4G,13,Tuesday,False,13
TXN0000000318,2024-07-14 20:56:00,P2P,Fuel,1822,FAILED,Delhi,PNB,SBI,Android,4G,20,Sunday,True,20
TXN0000000319,2024-01-19 21:36:00,P2P,Food,86,SUCCESS,Andhra Pradesh,SBI,Axis,Android,4G,21,Friday,False,21
TXN0000000320,2024-12-23 21:26:00,Bill Payment,Utilities,3310,SUCCESS,Uttar Pradesh,ICICI,Kotak,iOS,4G,21,Monday,False,21
TXN0000000321,2024-05-31 16:51:00,P2P,Grocery,2357,SUCCESS,Uttar Pradesh,Yes Bank,PNB,iOS,4G,16,Friday,False,16
TXN0000000322,2024-05-21 07:48:00,P2M,Entertainment,181,SUCCESS,Maharashtra,Kotak,PNB,iOS,5G,7,Tuesday,False,7
TXN0000000323,2024-12-24 19:01:00,P2P,Transport,62,SUCCESS,Delhi,Kotak,PNB,Web,4G,19,Tuesday,False,19
TXN0000000324,2024-05-07 10:59:00,P2P,Shopping,2221,SUCCESS,Delhi,ICICI,SBI,iOS,4G,10,Tuesday,False,10
TXN0000000325,2024-10-31 16:02:00,P2M,Entertainment,139,SUCCESS,Maharashtra,HDFC,IndusInd,Android,4G,16,Thursday,False,16
TXN0000000326,2024-03-06 20:58:00,P2M,Transport,160,SUCCESS,Gujarat,Kotak,Axis,Android,4G,20,Wednesday,False,20
TXN0000000327,2024-12-30 14:58:00,P2P,Healthcare,1496,SUCCESS,Telangana,HDFC,ICICI,Android,4G,14,Monday,False,14
TXN0000000328,2024-09-03 21:58:00,P2M,Grocery,527,SUCCESS,Uttar Pradesh,PNB,ICICI,iOS,4G,21,Tuesday,False,21
TXN0000000329,2024-02-10 22:24:00,P2M,Entertainment,182,SUCCESS,Tamil Nadu,Axis,Yes Bank,Android,WiFi,22,Saturday,True,22
TXN0000000330,2024-03-12 21:36:00,P2M,Entertainment,436,SUCCESS,Gujarat,HDFC,HDFC,Android,4G,21,Tuesday,False,21
TXN0000000331,2024-10-03 17:36:00,P2P,Fuel,3287,SUCCESS,Andhra Pradesh,IndusInd,HDFC,Android,4G,17,Thursday,False,17
TXN0000000332,2024-11-22 22:49:00,P2M,Grocery,879,SUCCESS,West Bengal,PNB,SBI,iOS,4G,22,Friday,False,22
TXN0000000333,2024-05-19 09:28:00,P2P,Food,1445,SUCCESS,Gujarat,SBI,IndusInd,iOS,5G,9,Sunday,True,9
TXN0000000334,2024-10-01 22:47:00,P2M,Grocery,1946,SUCCESS,Tamil Nadu,SBI,HDFC,Android,4G,22,Tuesday,False,22
TXN0000000335,2024-11-26 12:22:00,P2M,Entertainment,167,SUCCESS,Tamil Nadu,HDFC,IndusInd,Android,3G,12,Tuesday,False,12
TXN0000000336,2024-11-30 23:17:00,P2P,Other,549,SUCCESS,Rajasthan,Kotak,SBI,Android,4G,23,Saturday,True,23
TXN0000000337,2024-07-07 19:05:00,P2P,Food,478,SUCCESS,Andhra Pradesh,Yes Bank,ICICI,Android,4G,19,Sunday,True,19
TXN0000000338,2024-11-08 17:45:00,Bill Payment,Grocery,2838,SUCCESS,Uttar Pradesh,Axis,SBI,Web,WiFi,17,Friday,False,17
TXN0000000339,2024-03-18 10:46:00,Bill Payment,Utilities,483,SUCCESS,West Bengal,Kotak,Axis,Android,5G,10,Monday,False,10
TXN0000000340,2024-04-13 15:56:00,P2M,Food,280,SUCCESS,Karnataka,HDFC,PNB,Android,4G,15,Saturday,True,15
TXN0000000341,2024-06-28 20:20:00,Bill Payment,Grocery,2640,SUCCESS,Maharashtra,HDFC,Axis,Android,4G,20,Friday,False,20
TXN0000000342,2024-09-14 14:59:00,Bill Payment,Food,92,SUCCESS,Rajasthan,ICICI,Yes Bank,Android,4G,14,Saturday,True,14
TXN0000000343,2024-10-23 20:14:00,Bill Payment,Shopping,497,SUCCESS,Delhi,Kotak,HDFC,iOS,5G,20,Wednesday,False,20
TXN0000000344,2024-12-03 18:47:00,Bill Payment,Other,1085,SUCCESS,Delhi,PNB,Yes Bank,Android,4G,18,Tuesday,False,18
TXN0000000345,2024-11-19 20:27:00,P2P,Utilities,3360,SUCCESS,Rajasthan,SBI,ICICI,Android,5G,20,Tuesday,False,20
TXN0000000346,2024-12-26 11:44:00,P2M,Grocery,646,SUCCESS,Maharashtra,ICICI,SBI,Web,4G,11,Thursday,False,11
TXN0000000347,2024-08-09 19:46:00,P2M,Food,631,SUCCESS,Uttar Pradesh,SBI,PNB,Android,WiFi,19,Friday,False,19
TXN0000000348,2024-01-14 17:39:00,P2M,Shopping,4554,SUCCESS,Rajasthan,SBI,PNB,Android,4G,17,Sunday,True,17
TXN0000000349,2024-07-04 12:53:00,P2M,Transport,953,SUCCESS,West Bengal,Kotak,SBI,Web,4G,12,Thursday,False,12
TXN0000000350,2024-12-02 14:29:00,P2P,Shopping,1191,SUCCESS,Gujarat,SBI,Yes Bank,Android,5G,14,Monday,False,14
TXN0000000351,2024-03-22 11:03:00,P2M,Grocery,317,SUCCESS,Karnataka,SBI,IndusInd,Android,4G,11,Friday,False,11
TXN0000000352,2024-04-15 08:04:00,P2M,Transport,571,SUCCESS,Tamil Nadu,Axis,SBI,Android,5G,8,Monday,False,8
TXN0000000353,2024-06-30 10:17:00,P2P,Food,1107,SUCCESS,Telangana,Kotak,Kotak,Android,5G,10,Sunday,True,10
TXN0000000354,2024-05-08 20:49:00,P2P,Entertainment,220,SUCCESS,Rajasthan,HDFC,SBI,Web,5G,20,Wednesday,False,20
TXN0000000355,2024-06-22 19:16:00,P2M,Healthcare,522,SUCCESS,Andhra Pradesh,IndusInd,ICICI,Android,4G,19,Saturday,True,19
TXN0000000356,2024-02-03 22:14:00,P2P,Grocery,139,SUCCESS,Delhi,Axis,PNB,Android,4G,22,Saturday,True,22
TXN0000000357,2024-02-27 17:23:00,P2M,Grocery,158,SUCCESS,Karnataka,HDFC,ICICI,Android,4G,17,Tuesday,False,17
TXN0000000358,2024-02-24 14:01:00,P2P,Entertainment,92,SUCCESS,Andhra Pradesh,Axis,ICICI,Android,5G,14,Saturday,True,14
TXN0000000359,2024-08-13 21:51:00,P2M,Food,137,SUCCESS,Gujarat,SBI,IndusInd,Android,WiFi,21,Tuesday,False,21
TXN0000000360,2024-07-26 14:06:00,Recharge,Utilities,308,SUCCESS,Andhra Pradesh,SBI,SBI,Android,4G,14,Friday,False,14
TXN0000000361,2024-08-28 17:19:00,P2P,Transport,150,SUCCESS,Karnataka,SBI,IndusInd,iOS,4G,17,Wednesday,False,17
TXN0000000362,2024-07-18 21:54:00,P2P,Transport,120,SUCCESS,Tamil Nadu,Yes Bank,SBI,Android,WiFi,21,Thursday,False,21
TXN0000000363,2024-10-07 11:13:00,Bill Payment,Transport,134,SUCCESS,Tamil Nadu,SBI,ICICI,Android,5G,11,Monday,False,11
TXN0000000364,2024-01-18 23:08:00,P2M,Fuel,2418,SUCCESS,Karnataka,ICICI,ICICI,iOS,5G,23,Thursday,False,23
TXN0000000365,2024-01-22 18:05:00,Recharge,Utilities,2766,FAILED,Rajasthan,Axis,HDFC,Android,4G,18,Monday,False,18
TXN0000000366,2024-07-06 15:49:00,P2M,Grocery,503,SUCCESS,Maharashtra,SBI,SBI,Android,4G,15,Saturday,True,15
TXN0000000367,2024-12-25 20:04:00,Recharge,Fuel,2678,SUCCESS,Gujarat,SBI,ICICI,iOS,5G,20,Wednesday,False,20
TXN0000000368,2024-02-07 20:32:00,P2M,Utilities,121,SUCCESS,Andhra Pradesh,Kotak,Axis,Android,4G,20,Wednesday,False,20
TXN0000000369,2024-11-20 12:16:00,P2M,Fuel,516,SUCCESS,Uttar Pradesh,ICICI,Kotak,Android,WiFi,12,Wednesday,False,12
TXN0000000370,2024-05-08 20:07:00,P2P,Transport,92,SUCCESS,Karnataka,ICICI,IndusInd,Android,4G,20,Wednesday,False,20
TXN0000000371,2024-10-19 15:21:00,P2P,Healthcare,1845,SUCCESS,Tamil Nadu,IndusInd,IndusInd,Android,4G,15,Saturday,True,15
TXN0000000372,2024-11-13 21:21:00,P2P,Grocery,1630,SUCCESS,Rajasthan,ICICI,PNB,Android,4G,21,Wednesday,False,21
TXN0000000373,2024-10-27 17:46:00,P2P,Fuel,2588,SUCCESS,Maharashtra,HDFC,Yes Bank,iOS,4G,17,Sunday,True,17
TXN0000000374,2024-03-08 17:03:00,P2M,Grocery,2392,SUCCESS,Gujarat,SBI,Axis,Android,3G,17,Friday,False,17
TXN0000000375,2024-12-10 22:55:00,P2P,Transport,35,SUCCESS,Andhra Pradesh,HDFC,Axis,Android,3G,22,Tuesday,False,22
TXN0000000376,2024-05-31 08:03:00,P2P,Other,607,SUCCESS,Karnataka,HDFC,SBI,Android,4G,8,Friday,False,8
TXN0000000377,2024-12-14 19:46:00,Bill Payment,Other,202,SUCCESS,Maharashtra,IndusInd,HDFC,iOS,4G,19,Saturday,True,19
TXN0000000378,2024-11-15 10:05:00,P2M,Grocery,1685,SUCCESS,Karnataka,HDFC,IndusInd,Android,3G,10,Friday,False,10
TXN0000000379,2024-02-07 17:25:00,P2M,Shopping,4692,SUCCESS,Uttar Pradesh,HDFC,SBI,Web,5G,17,Wednesday,False,17
TXN0000000380,2024-09-01 19:12:00,P2P,Transport,667,SUCCESS,Rajasthan,SBI,SBI,Android,4G,19,Sunday,True,19
TXN0000000381,2024-11-21 17:36:00,P2P,Food,1016,SUCCESS,Karnataka,Yes Bank,SBI,Android,4G,17,Thursday,False,17
TXN0000000382,2024-07-10 22:00:00,P2M,Shopping,443,SUCCESS,Andhra Pradesh,SBI,Axis,Web,5G,22,Wednesday,False,22
TXN0000000383,2024-11-11 20:29:00,Recharge,Food,365,SUCCESS,Maharashtra,Yes Bank,HDFC,iOS,WiFi,20,Monday,False,20
TXN0000000384,2024-09-14 20:21:00,P2P,Other,1080,SUCCESS,Uttar Pradesh,Kotak,Axis,Web,4G,20,Saturday,True,20
TXN0000000385,2024-03-20 19:29:00,P2P,Other,484,SUCCESS,Tamil Nadu,HDFC,SBI,Android,5G,19,Wednesday,False,19
TXN0000000386,2024-05-09 21:19:00,P2P,Shopping,391,FAILED,Delhi,HDFC,IndusInd,iOS,WiFi,21,Thursday,False,21
TXN0000000387,2024-07-25 16:56:00,P2M,Fuel,4022,SUCCESS,Telangana,ICICI,IndusInd,iOS,5G,16,Thursday,False,16
TXN0000000388,2024-03-31 19:15:00,P2M,Fuel,1352,SUCCESS,Uttar Pradesh,HDFC,HDFC,Web,4G,19,Sunday,True,19
TXN0000000389,2024-05-07 14:25:00,P2P,Entertainment,573,SUCCESS,Rajasthan,IndusInd,Kotak,iOS,4G,14,Tuesday,False,14
TXN0000000390,2024-05-20 16:37:00,P2M,Shopping,1008,SUCCESS,Uttar Pradesh,SBI,ICICI,Android,4G,16,Monday,False,16
TXN0000000391,2024-05-17 17:05:00,P2P,Grocery,1957,SUCCESS,Maharashtra,Yes Bank,ICICI,Android,5G,17,Friday,False,17
TXN0000000392,2024-01-21 00:32:00,P2M,Entertainment,410,SUCCESS,Tamil Nadu,SBI,Yes Bank,Android,4G,0,Sunday,True,0
TXN0000000393,2024-12-18 19:38:00,P2P,Utilities,3267,FAILED,Tamil Nadu,HDFC,Yes Bank,Android,4G,19,Wednesday,False,19
TXN0000000394,2024-09-26 19:35:00,P2P,Food,1825,SUCCESS,Tamil Nadu,IndusInd,PNB,iOS,5G,19,Thursday,False,19
TXN0000000395,2024-05-30 16:34:00,P2M,Healthcare,258,SUCCESS,Gujarat,ICICI,Kotak,Android,WiFi,16,Thursday,False,16
TXN0000000396,2024-05-24 07:06:00,Bill Payment,Education,1461,SUCCESS,Maharashtra,Kotak,Axis,Android,4G,7,Friday,False,7
TXN0000000397,2024-12-28 17:19:00,P2P,Grocery,431,SUCCESS,Uttar Pradesh,ICICI,Kotak,Android,4G,17,Saturday,True,17
TXN0000000398,2024-01-12 19:37:00,P2M,Utilities,326,SUCCESS,Telangana,ICICI,Axis,iOS,4G,19,Friday,False,19
TXN0000000399,2024-06-08 18:35:00,P2M,Other,479,SUCCESS,Tamil Nadu,Axis,IndusInd,Android,4G,18,Saturday,True,18
TXN0000000400,2024-07-28 14:39:00,P2M,Shopping,2159,SUCCESS,Delhi,SBI,HDFC,Web,4G,14,Sunday,True,14
TXN0000000401,2024-03-21 09:03:00,Recharge,Fuel,960,SUCCESS,Tamil Nadu,ICICI,HDFC,Android,4G,9,Thursday,False,9
TXN0000000402,2024-09-09 18:31:00,Bill Payment,Fuel,587,SUCCESS,Delhi,HDFC,SBI,Android,4G,18,Monday,False,18
TXN0000000403,2024-09-30 16:46:00,P2P,Entertainment,179,SUCCESS,Telangana,ICICI,ICICI,Android,5G,16,Monday,False,16
TXN0000000404,2024-05-03 18:59:00,P2M,Grocery,238,SUCCESS,Maharashtra,Yes Bank,SBI,iOS,WiFi,18,Friday,False,18
TXN0000000405,2024-01-02 15:10:00,P2M,Shopping,6083,SUCCESS,Delhi,SBI,SBI,Android,4G,15,Tuesday,False,15
TXN0000000406,2024-09-07 22:53:00,Bill Payment,Shopping,1612,SUCCESS,Karnataka,SBI,ICICI,iOS,4G,22,Saturday,True,22
TXN0000000407,2024-09-30 16:53:00,P2P,Healthcare,459,SUCCESS,Gujarat,IndusInd,Axis,Android,4G,16,Monday,False,16
TXN0000000408,2024-09-30 15:07:00,P2P,Entertainment,369,SUCCESS,West Bengal,SBI,SBI,Android,5G,15,Monday,False,15
TXN0000000409,2024-08-11 13:29:00,P2P,Other,469,SUCCESS,Tamil Nadu,Kotak,Axis,Android,5G,13,Sunday,True,13
TXN0000000410,2024-01-02 21:25:00,P2P,Grocery,420,SUCCESS,Telangana,HDFC,Axis,Android,5G,21,Tuesday,False,21
TXN0000000411,2024-04-13 06:30:00,P2P,Healthcare,406,SUCCESS,Uttar Pradesh,HDFC,Axis,Android,4G,6,Saturday,True,6
TXN0000000412,2024-02-23 18:33:00,P2M,Other,358,SUCCESS,Delhi,Yes Bank,HDFC,Android,4G,18,Friday,False,18
TXN0000000413,2024-10-14 17:40:00,Bill Payment,Utilities,3508,SUCCESS,Andhra Pradesh,Yes Bank,HDFC,Android,3G,17,Monday,False,17
TXN0000000414,2024-09-15 10:03:00,P2M,Fuel,1869,SUCCESS,West Bengal,Axis,Axis,iOS,4G,10,Sunday,True,10
TXN0000000415,2024-07-05 18:32:00,P2M,Grocery,514,SUCCESS,Karnataka,Yes Bank,Kotak,Android,3G,18,Friday,False,18
TXN0000000416,2024-08-08 20:13:00,P2P,Utilities,1980,SUCCESS,Telangana,IndusInd,SBI,iOS,4G,20,Thursday,False,20
TXN0000000417,2024-10-23 20:12:00,Bill Payment,Grocery,320,SUCCESS,Uttar Pradesh,Kotak,IndusInd,Android,WiFi,20,Wednesday,False,20
TXN0000000418,2024-10-28 20:40:00,P2P,Food,651,SUCCESS,Telangana,SBI,ICICI,Android,4G,20,Monday,False,20
TXN0000000419,2024-11-07 20:03:00,Bill Payment,Shopping,199,SUCCESS,Tamil Nadu,Axis,PNB,Android,5G,20,Thursday,False,20
TXN0000000420,2024-08-29 15:10:00,P2M,Utilities,3091,SUCCESS,Delhi,IndusInd,IndusInd,Android,4G,15,Thursday,False,15
TXN0000000421,2024-07-11 20:19:00,P2P,Shopping,165,SUCCESS,Delhi,Kotak,IndusInd,Android,WiFi,20,Thursday,False,20
TXN0000000422,2024-09-08 17:14:00,P2P,Grocery,250,SUCCESS,Maharashtra,Yes Bank,IndusInd,Android,4G,17,Sunday,True,17
TXN0000000423,2024-04-24 23:19:00,P2P,Transport,351,SUCCESS,Delhi,HDFC,HDFC,Android,4G,23,Wednesday,False,23
TXN0000000424,2024-12-11 21:48:00,P2P,Shopping,1862,SUCCESS,Maharashtra,Kotak,HDFC,Android,4G,21,Wednesday,False,21
TXN0000000425,2024-09-03 14:57:00,P2M,Food,1332,SUCCESS,Karnataka,HDFC,ICICI,Android,5G,14,Tuesday,False,14
TXN0000000426,2024-01-02 19:51:00,P2P,Shopping,932,FAILED,Andhra Pradesh,IndusInd,HDFC,Web,5G,19,Tuesday,False,19
TXN0000000427,2024-06-28 18:14:00,P2P,Utilities,3014,SUCCESS,Rajasthan,SBI,HDFC,Android,4G,18,Friday,False,18
TXN0000000428,2024-03-19 18:50:00,P2M,Grocery,301,SUCCESS,Maharashtra,HDFC,HDFC,Android,4G,18,Tuesday,False,18
TXN0000000429,2024-10-18 01:02:00,P2P,Healthcare,368,SUCCESS,Maharashtra,HDFC,Yes Bank,iOS,5G,1,Friday,False,1
TXN0000000430,2024-03-22 05:15:00,P2M,Other,757,SUCCESS,Maharashtra,HDFC,SBI,Android,4G,5,Friday,False,5
TXN0000000431,2024-12-05 12:17:00,P2M,Food,241,SUCCESS,Maharashtra,HDFC,ICICI,Android,4G,12,Thursday,False,12
TXN0000000432,2024-10-27 13:16:00,P2M,Food,83,SUCCESS,Telangana,ICICI,HDFC,Android,4G,13,Sunday,True,13
TXN0000000433,2024-11-02 15:11:00,P2M,Other,197,SUCCESS,Maharashtra,SBI,SBI,Android,4G,15,Saturday,True,15
TXN0000000434,2024-11-29 19:02:00,P2M,Entertainment,378,SUCCESS,Maharashtra,SBI,SBI,Android,4G,19,Friday,False,19
TXN0000000435,2024-04-14 15:43:00,Bill Payment,Other,634,FAILED,Tamil Nadu,ICICI,SBI,iOS,WiFi,15,Sunday,True,15
TXN0000000436,2024-05-25 21:34:00,P2P,Other,604,SUCCESS,Rajasthan,ICICI,SBI,Android,5G,21,Saturday,True,21
TXN0000000437,2024-06-12 21:21:00,Bill Payment,Food,738,SUCCESS,Rajasthan,ICICI,ICICI,Android,5G,21,Wednesday,False,21
TXN0000000438,2024-06-09 21:35:00,P2P,Grocery,1898,SUCCESS,Delhi,HDFC,IndusInd,iOS,WiFi,21,Sunday,True,21
TXN0000000439,2024-11-17 22:50:00,P2M,Shopping,213,SUCCESS,Karnataka,SBI,SBI,Android,4G,22,Sunday,True,22
TXN0000000440,2024-02-24 19:52:00,P2P,Healthcare,122,SUCCESS,West Bengal,IndusInd,Yes Bank,Android,4G,19,Saturday,True,19
TXN0000000441,2024-09-28 12:30:00,P2M,Healthcare,160,SUCCESS,Uttar Pradesh,SBI,IndusInd,Android,4G,12,Saturday,True,12
TXN0000000442,2024-03-07 19:16:00,P2P,Shopping,1575,SUCCESS,Maharashtra,Axis,SBI,iOS,4G,19,Thursday,False,19
TXN0000000443,2024-03-28 08:35:00,P2M,Utilities,15583,SUCCESS,Telangana,HDFC,ICICI,Android,5G,8,Thursday,False,8
TXN0000000444,2024-04-13 09:59:00,P2P,Shopping,2950,SUCCESS,Telangana,SBI,HDFC,Android,4G,9,Saturday,True,9
TXN0000000445,2024-08-05 18:11:00,Recharge,Shopping,135,SUCCESS,Karnataka,SBI,SBI,Android,4G,18,Monday,False,18
TXN0000000446,2024-10-04 13:06:00,Bill Payment,Shopping,367,SUCCESS,Uttar Pradesh,IndusInd,SBI,Android,4G,13,Friday,False,13
TXN0000000447,2024-10-24 18:48:00,P2M,Shopping,1788,SUCCESS,Delhi,HDFC,Kotak,iOS,4G,18,Thursday,False,18
TXN0000000448,2024-04-22 18:11:00,Bill Payment,Grocery,137,SUCCESS,West Bengal,SBI,Yes Bank,Android,5G,18,Monday,False,18
TXN0000000449,2024-06-10 16:32:00,P2P,Fuel,1260,SUCCESS,Delhi,HDFC,HDFC,iOS,5G,16,Monday,False,16
TXN0000000450,2024-05-21 19:45:00,P2P,Fuel,837,SUCCESS,Gujarat,ICICI,SBI,Web,4G,19,Tuesday,False,19
TXN0000000451,2024-01-04 07:18:00,P2P,Education,1051,SUCCESS,Delhi,ICICI,SBI,Android,4G,7,Thursday,False,7
TXN0000000452,2024-10-03 10:31:00,P2M,Entertainment,322,FAILED,Maharashtra,SBI,SBI,iOS,5G,10,Thursday,False,10
TXN0000000453,2024-10-31 17:57:00,Bill Payment,Grocery,476,SUCCESS,Telangana,Axis,Axis,Android,4G,17,Thursday,False,17
TXN0000000454,2024-02-19 20:13:00,Recharge,Entertainment,588,SUCCESS,Gujarat,SBI,PNB,Android,4G,20,Monday,False,20
TXN0000000455,2024-10-27 09:40:00,P2M,Healthcare,383,SUCCESS,Telangana,PNB,SBI,iOS,5G,9,Sunday,True,9
TXN0000000456,2024-06-23 19:11:00,P2M,Food,100,SUCCESS,Telangana,IndusInd,HDFC,Android,4G,19,Sunday,True,19
TXN0000000457,2024-05-31 10:06:00,Bill Payment,Fuel,3218,SUCCESS,Telangana,Axis,Kotak,Android,3G,10,Friday,False,10
TXN0000000458,2024-09-05 19:36:00,P2P,Grocery,1363,SUCCESS,West Bengal,Axis,IndusInd,Android,WiFi,19,Thursday,False,19
TXN0000000459,2024-02-19 15:37:00,P2P,Transport,271,SUCCESS,Uttar Pradesh,ICICI,PNB,Android,WiFi,15,Monday,False,15
TXN0000000460,2024-01-03 12:07:00,P2P,Grocery,747,SUCCESS,Maharashtra,ICICI,ICICI,Android,WiFi,12,Wednesday,False,12
TXN0000000461,2024-08-26 17:42:00,P2P,Grocery,2734,SUCCESS,Uttar Pradesh,Kotak,HDFC,Android,4G,17,Monday,False,17
TXN0000000462,2024-10-15 20:18:00,Bill Payment,Utilities,3603,FAILED,Delhi,Kotak,PNB,Android,5G,20,Tuesday,False,20
TXN0000000463,2024-12-27 20:35:00,P2P,Transport,34,SUCCESS,West Bengal,HDFC,ICICI,Android,4G,20,Friday,False,20
TXN0000000464,2024-07-23 18:35:00,P2P,Food,1559,SUCCESS,Tamil Nadu,SBI,PNB,Android,3G,18,Tuesday,False,18
TXN0000000465,2024-10-01 20:39:00,Bill Payment,Utilities,372,SUCCESS,Andhra Pradesh,IndusInd,IndusInd,Android,5G,20,Tuesday,False,20
TXN0000000466,2024-09-01 14:16:00,P2P,Shopping,498,SUCCESS,Rajasthan,SBI,Kotak,Android,4G,14,Sunday,True,14
TXN0000000467,2024-07-26 23:51:00,Recharge,Entertainment,127,SUCCESS,Uttar Pradesh,Axis,ICICI,Android,4G,23,Friday,False,23
TXN0000000468,2024-08-12 20:17:00,P2P,Other,452,SUCCESS,Maharashtra,Axis,Kotak,Android,4G,20,Monday,False,20
TXN0000000469,2024-07-21 17:50:00,P2M,Shopping,2709,SUCCESS,Tamil Nadu,HDFC,Axis,Android,4G,17,Sunday,True,17
TXN0000000470,2024-04-11 21:21:00,P2P,Grocery,198,SUCCESS,Delhi,SBI,Yes Bank,Android,4G,21,Thursday,False,21
TXN0000000471,2024-10-16 18:35:00,Bill Payment,Grocery,1248,SUCCESS,Tamil Nadu,IndusInd,SBI,Android,4G,18,Wednesday,False,18
TXN0000000472,2024-03-30 23:10:00,P2P,Other,756,SUCCESS,Telangana,Kotak,IndusInd,Android,4G,23,Saturday,True,23
TXN0000000473,2024-10-03 18:23:00,P2P,Other,227,SUCCESS,Telangana,PNB,Yes Bank,Android,4G,18,Thursday,False,18
TXN0000000474,2024-11-27 07:55:00,P2M,Utilities,3388,SUCCESS,Andhra Pradesh,IndusInd,IndusInd,Android,5G,7,Wednesday,False,7
TXN0000000475,2024-09-07 17:13:00,Bill Payment,Grocery,2018,SUCCESS,West Bengal,SBI,SBI,Web,4G,17,Saturday,True,17
TXN0000000476,2024-03-22 18:43:00,P2P,Food,1205,SUCCESS,Gujarat,ICICI,Yes Bank,Android,4G,18,Friday,False,18
TXN0000000477,2024-09-20 21:57:00,P2M,Food,572,SUCCESS,Karnataka,Kotak,PNB,Android,4G,21,Friday,False,21
TXN0000000478,2024-09-01 12:02:00,Bill Payment,Shopping,800,FAILED,Uttar Pradesh,PNB,Axis,Android,4G,12,Sunday,True,12
TXN0000000479,2024-04-09 22:34:00,P2P,Shopping,881,FAILED,Maharashtra,SBI,HDFC,Android,5G,22,Tuesday,False,22
TXN0000000480,2024-02-19 18:44:00,P2M,Grocery,1537,SUCCESS,Maharashtra,IndusInd,SBI,Android,4G,18,Monday,False,18
TXN0000000481,2024-02-05 13:03:00,P2P,Other,1791,SUCCESS,Maharashtra,SBI,Yes Bank,Android,WiFi,13,Monday,False,13
TXN0000000482,2024-01-01 03:45:00,Bill Payment,Shopping,1122,SUCCESS,Maharashtra,Yes Bank,HDFC,Android,5G,3,Monday,False,3
TXN0000000483,2024-06-04 19:38:00,P2M,Other,753,SUCCESS,Andhra Pradesh,IndusInd,Axis,iOS,4G,19,Tuesday,False,19
TXN0000000484,2024-06-21 13:19:00,P2M,Transport,78,SUCCESS,Uttar Pradesh,IndusInd,SBI,Android,WiFi,13,Friday,False,13
TXN0000000485,2024-10-08 18:12:00,P2M,Shopping,308,SUCCESS,Delhi,Yes Bank,ICICI,Android,4G,18,Tuesday,False,18
TXN0000000486,2024-12-01 18:19:00,P2M,Shopping,1288,SUCCESS,West Bengal,SBI,PNB,Android,WiFi,18,Sunday,True,18
TXN0000000487,2024-06-14 17:19:00,P2P,Entertainment,500,SUCCESS,Rajasthan,ICICI,HDFC,Android,5G,17,Friday,False,17
TXN0000000488,2024-12-26 12:33:00,P2P,Transport,124,SUCCESS,Delhi,SBI,Axis,Android,4G,12,Thursday,False,12
TXN0000000489,2024-03-25 20:15:00,P2M,Grocery,244,SUCCESS,Maharashtra,SBI,SBI,iOS,5G,20,Monday,False,20
TXN0000000490,2024-03-07 08:50:00,P2P,Other,822,SUCCESS,Karnataka,IndusInd,HDFC,iOS,4G,8,Thursday,False,8
TXN0000000491,2024-10-18 15:11:00,P2M,Food,585,SUCCESS,Uttar Pradesh,HDFC,SBI,iOS,4G,15,Friday,False,15
TXN0000000492,2024-03-13 07:00:00,Bill Payment,Utilities,1605,SUCCESS,Karnataka,Axis,SBI,Android,5G,7,Wednesday,False,7
TXN0000000493,2024-11-09 12:45:00,P2P,Entertainment,247,SUCCESS,Karnataka,Axis,PNB,iOS,5G,12,Saturday,True,12
TXN0000000494,2024-06-30 19:33:00,P2P,Entertainment,893,SUCCESS,Maharashtra,PNB,ICICI,Android,4G,19,Sunday,True,19
TXN0000000495,2024-08-13 21:14:00,P2P,Food,234,SUCCESS,Tamil Nadu,HDFC,SBI,Android,4G,21,Tuesday,False,21
TXN0000000496,2024-02-06 14:12:00,Bill Payment,Other,734,SUCCESS,Tamil Nadu,SBI,SBI,Android,5G,14,Tuesday,False,14
TXN0000000497,2024-09-21 09:07:00,Bill Payment,Other,1910,FAILED,Gujarat,HDFC,HDFC,Android,4G,9,Saturday,True,9
TXN0000000498,2024-05-01 10:03:00,Bill Payment,Grocery,2462,SUCCESS,Maharashtra,Yes Bank,Yes Bank,Android,4G,10,Wednesday,False,10
TXN0000000499,2024-07-29 10:02:00,Bill Payment,Shopping,1131,SUCCESS,Maharashtra,HDFC,HDFC,Android,4G,10,Monday,False,10
TXN0000000500,2024-08-19 11:11:00,P2P,Utilities,1518,SUCCESS,Andhra Pradesh,PNB,Kotak,Android,4G,11,Monday,False,11
TXN0000000501,2024-12-13 07:57:00,P2P,Healthcare,334,SUCCESS,West Bengal,PNB,SBI,Android,4G,7,Friday,False,7
TXN0000000502,2024-12-21 15:03:00,P2P,Entertainment,283,SUCCESS,Maharashtra,Kotak,HDFC,Android,4G,15,Saturday,True,15
TXN0000000503,2024-01-31 13:50:00,P2P,Food,388,SUCCESS,Karnataka,Kotak,Yes Bank,Android,WiFi,13,Wednesday,False,13
TXN0000000504,2024-05-30 18:00:00,P2P,Other,554,FAILED,Karnataka,SBI,Kotak,Android,4G,18,Thursday,False,18
TXN0000000505,2024-09-23 15:13:00,P2M,Food,103,SUCCESS,Rajasthan,HDFC,Yes Bank,Android,5G,15,Monday,False,15
TXN0000000506,2024-07-13 09:45:00,P2P,Food,133,SUCCESS,Delhi,IndusInd,HDFC,Android,4G,9,Saturday,True,9
TXN0000000507,2024-01-09 05:40:00,Bill Payment,Other,286,SUCCESS,Andhra Pradesh,SBI,ICICI,Android,WiFi,5,Tuesday,False,5
TXN0000000508,2024-10-09 20:37:00,P2P,Entertainment,218,SUCCESS,Maharashtra,Axis,HDFC,iOS,WiFi,20,Wednesday,False,20
TXN0000000509,2024-10-28 21:14:00,P2M,Food,119,SUCCESS,Maharashtra,Yes Bank,HDFC,Android,5G,21,Monday,False,21
TXN0000000510,2024-10-27 16:01:00,P2P,Transport,189,SUCCESS,Rajasthan,HDFC,IndusInd,Android,5G,16,Sunday,True,16
TXN0000000511,2024-01-11 21:58:00,P2M,Entertainment,661,SUCCESS,Tamil Nadu,HDFC,PNB,Android,5G,21,Thursday,False,21
TXN0000000512,2024-09-02 19:06:00,P2P,Grocery,222,SUCCESS,Maharashtra,PNB,SBI,Android,WiFi,19,Monday,False,19
TXN0000000513,2024-09-13 09:39:00,P2P,Grocery,1064,SUCCESS,Tamil Nadu,ICICI,Axis,Android,4G,9,Friday,False,9
TXN0000000514,2024-01-02 18:12:00,P2P,Food,476,SUCCESS,Telangana,IndusInd,SBI,iOS,4G,18,Tuesday,False,18
TXN0000000515,2024-06-28 11:22:00,P2M,Fuel,4976,SUCCESS,Tamil Nadu,Kotak,SBI,Android,4G,11,Friday,False,11
TXN0000000516,2024-08-30 09:35:00,P2M,Fuel,4305,SUCCESS,Telangana,HDFC,Axis,Android,4G,9,Friday,False,9
TXN0000000517,2024-02-08 13:43:00,P2M,Food,497,SUCCESS,Maharashtra,Yes Bank,IndusInd,iOS,4G,13,Thursday,False,13
TXN0000000518,2024-03-20 11:10:00,P2P,Food,265,SUCCESS,West Bengal,HDFC,SBI,iOS,5G,11,Wednesday,False,11
TXN0000000519,2024-09-12 02:30:00,P2M,Entertainment,1715,SUCCESS,Telangana,SBI,HDFC,iOS,5G,2,Thursday,False,2
TXN0000000520,2024-06-16 08:16:00,Recharge,Shopping,166,SUCCESS,Uttar Pradesh,SBI,PNB,Android,4G,8,Sunday,True,8
TXN0000000521,2024-05-21 18:45:00,Bill Payment,Other,432,SUCCESS,Karnataka,HDFC,PNB,Android,WiFi,18,Tuesday,False,18
TXN0000000522,2024-02-12 06:59:00,P2M,Shopping,9541,SUCCESS,Tamil Nadu,IndusInd,Axis,Android,4G,6,Monday,False,6
TXN0000000523,2024-05-10 13:25:00,Recharge,Grocery,1086,SUCCESS,Delhi,ICICI,SBI,Android,5G,13,Friday,False,13
TXN0000000524,2024-03-29 18:04:00,Bill Payment,Fuel,473,SUCCESS,Rajasthan,Yes Bank,IndusInd,iOS,4G,18,Friday,False,18
TXN0000000525,2024-01-26 22:25:00,P2M,Shopping,646,SUCCESS,Delhi,SBI,SBI,Android,4G,22,Friday,False,22
TXN0000000526,2024-08-16 01:17:00,P2P,Utilities,2243,SUCCESS,Rajasthan,PNB,Axis,Android,4G,1,Friday,False,1
TXN0000000527,2024-09-11 10:40:00,P2P,Entertainment,123,SUCCESS,Uttar Pradesh,SBI,Yes Bank,Android,5G,10,Wednesday,False,10
TXN0000000528,2024-05-19 16:32:00,P2P,Healthcare,966,SUCCESS,Maharashtra,IndusInd,PNB,Android,4G,16,Sunday,True,16
TXN0000000529,2024-08-15 03:12:00,P2M,Education,3795,SUCCESS,Rajasthan,SBI,Axis,Android,5G,3,Thursday,False,3
TXN0000000530,2024-09-15 23:27:00,P2P,Utilities,3474,SUCCESS,Delhi,Axis,Axis,Android,5G,23,Sunday,True,23
TXN0000000531,2024-01-14 19:41:00,Recharge,Shopping,6859,SUCCESS,West Bengal,HDFC,Kotak,Android,4G,19,Sunday,True,19
TXN0000000532,2024-08-19 16:33:00,P2P,Grocery,248,SUCCESS,Karnataka,PNB,Kotak,Android,4G,16,Monday,False,16
TXN0000000533,2024-12-10 12:35:00,Recharge,Transport,73,SUCCESS,Tamil Nadu,HDFC,ICICI,Web,4G,12,Tuesday,False,12
TXN0000000534,2024-10-25 15:55:00,P2M,Grocery,909,FAILED,Maharashtra,PNB,IndusInd,Android,4G,15,Friday,False,15
TXN0000000535,2024-08-23 11:58:00,Bill Payment,Grocery,375,SUCCESS,West Bengal,IndusInd,Axis,iOS,4G,11,Friday,False,11
TXN0000000536,2024-01-02 22:04:00,P2M,Utilities,293,SUCCESS,Delhi,SBI,SBI,iOS,4G,22,Tuesday,False,22
TXN0000000537,2024-04-12 10:32:00,P2M,Other,444,SUCCESS,Karnataka,PNB,IndusInd,Android,5G,10,Friday,False,10
TXN0000000538,2024-08-22 22:38:00,P2M,Fuel,2065,SUCCESS,Uttar Pradesh,ICICI,Yes Bank,Android,5G,22,Thursday,False,22
TXN0000000539,2024-02-08 15:31:00,P2P,Utilities,4001,SUCCESS,Tamil Nadu,IndusInd,IndusInd,Android,4G,15,Thursday,False,15
TXN0000000540,2024-12-17 14:41:00,P2P,Shopping,631,SUCCESS,Uttar Pradesh,Kotak,PNB,Android,3G,14,Tuesday,False,14
TXN0000000541,2024-01-20 14:25:00,P2M,Transport,337,SUCCESS,Karnataka,SBI,IndusInd,Android,5G,14,Saturday,True,14
TXN0000000542,2024-11-22 06:54:00,P2M,Entertainment,725,SUCCESS,Andhra Pradesh,Yes Bank,Yes Bank,iOS,4G,6,Friday,False,6
TXN0000000543,2024-04-02 17:13:00,P2M,Shopping,811,SUCCESS,Rajasthan,HDFC,ICICI,Android,4G,17,Tuesday,False,17
TXN0000000544,2024-09-04 14:39:00,P2M,Fuel,3673,SUCCESS,Maharashtra,Yes Bank,ICICI,Android,4G,14,Wednesday,False,14
TXN0000000545,2024-06-24 16:21:00,P2P,Other,376,SUCCESS,Rajasthan,SBI,Yes Bank,Android,WiFi,16,Monday,False,16
TXN0000000546,2024-02-24 18:55:00,P2P,Food,453,SUCCESS,West Bengal,IndusInd,Kotak,Android,WiFi,18,Saturday,True,18
TXN0000000547,2024-03-29 18:31:00,P2M,Shopping,5220,SUCCESS,West Bengal,SBI,Kotak,Android,5G,18,Friday,False,18
TXN0000000548,2024-12-14 09:45:00,P2P,Grocery,316,FAILED,Maharashtra,SBI,ICICI,iOS,5G,9,Saturday,True,9
TXN0000000549,2024-08-06 17:35:00,Recharge,Entertainment,705,SUCCESS,Uttar Pradesh,SBI,ICICI,Android,4G,17,Tuesday,False,17
TXN0000000550,2024-12-30 20:38:00,P2P,Food,378,SUCCESS,Uttar Pradesh,ICICI,ICICI,Android,4G,20,Monday,False,20
TXN0000000551,2024-11-12 17:59:00,P2P,Fuel,2170,SUCCESS,Andhra Pradesh,HDFC,HDFC,Android,4G,17,Tuesday,False,17
TXN0000000552,2024-12-20 20:56:00,P2M,Food,496,SUCCESS,Delhi,SBI,HDFC,Android,5G,20,Friday,False,20
TXN0000000553,2024-06-10 18:03:00,P2M,Shopping,8360,SUCCESS,Telangana,HDFC,IndusInd,Android,4G,18,Monday,False,18
TXN0000000554,2024-10-20 18:51:00,P2M,Food,228,SUCCESS,Delhi,Yes Bank,PNB,Android,4G,18,Sunday,True,18
TXN0000000555,2024-02-01 20:45:00,P2P,Grocery,465,SUCCESS,Rajasthan,Yes Bank,ICICI,Android,WiFi,20,Thursday,False,20
TXN0000000556,2024-04-23 13:40:00,P2P,Utilities,4885,SUCCESS,Tamil Nadu,SBI,Yes Bank,iOS,5G,13,Tuesday,False,13
TXN0000000557,2024-03-30 20:52:00,P2M,Fuel,564,SUCCESS,Karnataka,IndusInd,SBI,Android,WiFi,20,Saturday,True,20
TXN0000000558,2024-01-28 21:23:00,P2M,Shopping,3336,SUCCESS,Maharashtra,HDFC,IndusInd,Android,WiFi,21,Sunday,True,21
TXN0000000559,2024-12-18 16:11:00,P2M,Utilities,2020,SUCCESS,Rajasthan,IndusInd,PNB,Android,4G,16,Wednesday,False,16
TXN0000000560,2024-07-16 19:42:00,P2P,Grocery,231,SUCCESS,Karnataka,SBI,Kotak,iOS,4G,19,Tuesday,False,19
TXN0000000561,2024-10-15 21:51:00,P2P,Shopping,1043,SUCCESS,Andhra Pradesh,SBI,ICICI,Android,4G,21,Tuesday,False,21
TXN0000000562,2024-01-03 12:48:00,P2M,Utilities,3858,SUCCESS,Telangana,Yes Bank,SBI,Android,4G,12,Wednesday,False,12
TXN0000000563,2024-08-02 12:47:00,Bill Payment,Shopping,1519,SUCCESS,Rajasthan,SBI,Kotak,iOS,4G,12,Friday,False,12
TXN0000000564,2024-10-06 22:23:00,P2P,Grocery,502,SUCCESS,Delhi,Axis,SBI,Android,4G,22,Sunday,True,22
TXN0000000565,2024-12-29 22:21:00,P2M,Shopping,3927,SUCCESS,Karnataka,HDFC,Axis,Android,4G,22,Sunday,True,22
TXN0000000566,2024-08-24 09:05:00,P2M,Grocery,3803,SUCCESS,Andhra Pradesh,Yes Bank,PNB,iOS,3G,9,Saturday,True,9
TXN0000000567,2024-10-07 04:53:00,P2P,Grocery,2533,SUCCESS,Rajasthan,Yes Bank,Kotak,Android,3G,4,Monday,False,4
TXN0000000568,2024-03-01 19:06:00,Bill Payment,Utilities,6857,SUCCESS,West Bengal,Axis,Kotak,Android,4G,19,Friday,False,19
TXN0000000569,2024-08-07 15:10:00,P2M,Utilities,645,SUCCESS,Tamil Nadu,HDFC,PNB,Web,4G,15,Wednesday,False,15
TXN0000000570,2024-05-28 09:51:00,P2P,Shopping,4394,SUCCESS,Karnataka,SBI,HDFC,Android,4G,9,Tuesday,False,9
TXN0000000571,2024-03-01 20:59:00,P2M,Grocery,93,SUCCESS,Uttar Pradesh,IndusInd,Axis,Android,4G,20,Friday,False,20
TXN0000000572,2024-03-17 18:28:00,Bill Payment,Transport,191,SUCCESS,Uttar Pradesh,ICICI,PNB,Android,4G,18,Sunday,True,18
TXN0000000573,2024-06-26 11:38:00,Bill Payment,Food,668,SUCCESS,West Bengal,IndusInd,Kotak,iOS,4G,11,Wednesday,False,11
TXN0000000574,2024-11-10 12:45:00,P2M,Entertainment,88,SUCCESS,Andhra Pradesh,SBI,IndusInd,Android,4G,12,Sunday,True,12
TXN0000000575,2024-04-29 16:01:00,P2M,Shopping,1371,SUCCESS,West Bengal,SBI,SBI,Android,4G,16,Monday,False,16
TXN0000000576,2024-09-05 14:59:00,P2M,Healthcare,214,SUCCESS,Rajasthan,SBI,SBI,Android,4G,14,Thursday,False,14
TXN0000000577,2024-07-29 10:55:00,P2P,Shopping,776,SUCCESS,Uttar Pradesh,ICICI,PNB,Android,5G,10,Monday,False,10
TXN0000000578,2024-04-04 13:43:00,P2M,Utilities,3101,SUCCESS,Telangana,SBI,SBI,Android,4G,13,Thursday,False,13
TXN0000000579,2024-04-29 21:19:00,P2M,Transport,655,SUCCESS,Tamil Nadu,SBI,IndusInd,iOS,4G,21,Monday,False,21
TXN0000000580,2024-07-21 13:00:00,P2P,Utilities,2332,SUCCESS,Maharashtra,Axis,ICICI,Android,4G,13,Sunday,True,13
TXN0000000581,2024-08-18 14:20:00,Bill Payment,Grocery,1287,SUCCESS,Maharashtra,SBI,SBI,Web,4G,14,Sunday,True,14
TXN0000000582,2024-10-25 21:53:00,P2P,Shopping,869,SUCCESS,Uttar Pradesh,Axis,Kotak,iOS,5G,21,Friday,False,21
TXN0000000583,2024-11-26 21:06:00,P2M,Utilities,325,SUCCESS,West Bengal,Kotak,SBI,iOS,4G,21,Tuesday,False,21
TXN0000000584,2024-11-02 07:39:00,P2P,Fuel,653,SUCCESS,Delhi,ICICI,IndusInd,Web,5G,7,Saturday,True,7
TXN0000000585,2024-09-15 08:12:00,P2M,Shopping,5196,SUCCESS,Maharashtra,PNB,SBI,iOS,WiFi,8,Sunday,True,8
TXN0000000586,2024-10-04 19:37:00,P2P,Entertainment,766,SUCCESS,Andhra Pradesh,HDFC,Kotak,Android,4G,19,Friday,False,19
TXN0000000587,2024-12-04 17:24:00,Bill Payment,Grocery,1006,SUCCESS,West Bengal,SBI,HDFC,Android,4G,17,Wednesday,False,17
TXN0000000588,2024-11-13 19:13:00,P2P,Transport,126,FAILED,Rajasthan,HDFC,PNB,Android,5G,19,Wednesday,False,19
TXN0000000589,2024-12-13 17:38:00,P2P,Grocery,1944,SUCCESS,Gujarat,Axis,PNB,Android,5G,17,Friday,False,17
TXN0000000590,2024-09-03 14:50:00,P2M,Grocery,1623,SUCCESS,Gujarat,Yes Bank,Axis,Android,4G,14,Tuesday,False,14
TXN0000000591,2024-05-20 23:23:00,P2P,Food,113,SUCCESS,Delhi,IndusInd,ICICI,Android,4G,23,Monday,False,23
TXN0000000592,2024-07-04 12:45:00,P2M,Grocery,914,SUCCESS,Rajasthan,PNB,Kotak,Android,5G,12,Thursday,False,12
TXN0000000593,2024-08-27 12:30:00,P2M,Utilities,629,SUCCESS,Tamil Nadu,IndusInd,HDFC,Android,4G,12,Tuesday,False,12
TXN0000000594,2024-03-13 12:57:00,P2P,Other,646,SUCCESS,Delhi,ICICI,SBI,iOS,5G,12,Wednesday,False,12
TXN0000000595,2024-01-27 16:26:00,P2P,Shopping,679,SUCCESS,Gujarat,Kotak,ICICI,iOS,4G,16,Saturday,True,16
TXN0000000596,2024-11-03 18:06:00,P2P,Food,460,SUCCESS,Maharashtra,Axis,ICICI,Android,3G,18,Sunday,True,18
TXN0000000597,2024-01-12 21:52:00,P2P,Utilities,2673,SUCCESS,Maharashtra,HDFC,Axis,Android,4G,21,Friday,False,21
TXN0000000598,2024-11-22 11:55:00,P2P,Grocery,389,SUCCESS,Gujarat,ICICI,HDFC,Android,3G,11,Friday,False,11
TXN0000000599,2024-10-25 04:31:00,P2P,Grocery,654,SUCCESS,Maharashtra,Yes Bank,IndusInd,Android,4G,4,Friday,False,4
TXN0000000600,2024-09-17 17:18:00,P2P,Entertainment,448,SUCCESS,Tamil Nadu,HDFC,Kotak,iOS,5G,17,Tuesday,False,17
TXN0000000601,2024-02-27 16:08:00,P2M,Other,510,SUCCESS,Maharashtra,Axis,HDFC,iOS,WiFi,16,Tuesday,False,16
TXN0000000602,2024-11-07 20:10:00,P2M,Grocery,303,SUCCESS,Telangana,Kotak,SBI,Android,4G,20,Thursday,False,20
TXN0000000603,2024-03-26 22:24:00,P2P,Grocery,1406,SUCCESS,Karnataka,PNB,Kotak,Android,4G,22,Tuesday,False,22
TXN0000000604,2024-10-17 19:17:00,P2P,Healthcare,873,SUCCESS,Gujarat,SBI,PNB,iOS,3G,19,Thursday,False,19
TXN0000000605,2024-03-20 16:19:00,P2P,Entertainment,1094,SUCCESS,Karnataka,IndusInd,IndusInd,iOS,3G,16,Wednesday,False,16
TXN0000000606,2024-06-11 18:24:00,Bill Payment,Other,2596,SUCCESS,Tamil Nadu,HDFC,SBI,iOS,5G,18,Tuesday,False,18
TXN0000000607,2024-06-26 15:11:00,P2M,Grocery,661,SUCCESS,Gujarat,Axis,SBI,Android,4G,15,Wednesday,False,15
TXN0000000608,2024-05-24 16:20:00,P2M,Entertainment,671,SUCCESS,West Bengal,Axis,Kotak,Web,4G,16,Friday,False,16
TXN0000000609,2024-05-15 16:04:00,P2P,Food,107,SUCCESS,Gujarat,Axis,HDFC,Android,WiFi,16,Wednesday,False,16
TXN0000000610,2024-03-29 21:52:00,Bill Payment,Healthcare,1688,SUCCESS,Karnataka,HDFC,SBI,Android,WiFi,21,Friday,False,21
TXN0000000611,2024-09-06 19:09:00,P2P,Entertainment,196,SUCCESS,Karnataka,IndusInd,IndusInd,Android,4G,19,Friday,False,19
TXN0000000612,2024-10-11 12:40:00,Bill Payment,Food,408,SUCCESS,Maharashtra,Axis,SBI,Android,4G,12,Friday,False,12
TXN0000000613,2024-06-10 13:59:00,P2M,Transport,401,SUCCESS,Andhra Pradesh,IndusInd,ICICI,iOS,3G,13,Monday,False,13
TXN0000000614,2024-10-16 12:31:00,P2M,Grocery,208,SUCCESS,Uttar Pradesh,HDFC,SBI,iOS,WiFi,12,Wednesday,False,12
TXN0000000615,2024-02-12 18:46:00,P2P,Transport,1496,SUCCESS,Uttar Pradesh,ICICI,SBI,Android,4G,18,Monday,False,18
TXN0000000616,2024-12-13 16:21:00,Recharge,Shopping,331,SUCCESS,Tamil Nadu,SBI,Axis,iOS,4G,16,Friday,False,16
TXN0000000617,2024-09-11 09:02:00,P2P,Grocery,301,SUCCESS,Telangana,SBI,ICICI,Android,4G,9,Wednesday,False,9
TXN0000000618,2024-09-04 12:54:00,P2P,Food,70,SUCCESS,Maharashtra,HDFC,IndusInd,iOS,4G,12,Wednesday,False,12
TXN0000000619,2024-03-11 22:44:00,P2P,Other,581,SUCCESS,Telangana,ICICI,PNB,Android,4G,22,Monday,False,22
TXN0000000620,2024-05-21 23:50:00,P2P,Education,7282,SUCCESS,Uttar Pradesh,SBI,ICICI,Android,4G,23,Tuesday,False,23
TXN0000000621,2024-11-21 12:33:00,P2P,Grocery,1228,SUCCESS,Maharashtra,SBI,ICICI,Web,4G,12,Thursday,False,12
TXN0000000622,2024-10-05 14:48:00,P2M,Grocery,948,SUCCESS,Tamil Nadu,Kotak,SBI,Android,WiFi,14,Saturday,True,14
TXN0000000623,2024-11-30 12:36:00,P2P,Utilities,1097,SUCCESS,Uttar Pradesh,ICICI,SBI,Android,4G,12,Saturday,True,12
TXN0000000624,2024-05-23 18:19:00,P2M,Transport,597,SUCCESS,Telangana,ICICI,Yes Bank,Android,4G,18,Thursday,False,18
TXN0000000625,2024-10-30 15:42:00,P2M,Fuel,419,SUCCESS,Delhi,IndusInd,Kotak,iOS,4G,15,Wednesday,False,15
TXN0000000626,2024-07-12 17:20:00,P2P,Transport,151,SUCCESS,Uttar Pradesh,ICICI,IndusInd,Android,4G,17,Friday,False,17
TXN0000000627,2024-01-27 20:33:00,P2M,Food,327,SUCCESS,Tamil Nadu,ICICI,SBI,Android,WiFi,20,Saturday,True,20
TXN0000000628,2024-05-21 10:17:00,P2M,Food,68,SUCCESS,Karnataka,Yes Bank,HDFC,Android,4G,10,Tuesday,False,10
TXN0000000629,2024-06-04 21:10:00,P2M,Utilities,5176,SUCCESS,Gujarat,Kotak,PNB,Android,4G,21,Tuesday,False,21
TXN0000000630,2024-08-02 18:24:00,P2M,Fuel,1172,SUCCESS,Telangana,Axis,Yes Bank,Android,4G,18,Friday,False,18
TXN0000000631,2024-03-25 19:45:00,P2P,Shopping,244,SUCCESS,Rajasthan,IndusInd,PNB,Android,3G,19,Monday,False,19
TXN0000000632,2024-06-28 05:25:00,P2M,Entertainment,215,SUCCESS,West Bengal,SBI,HDFC,Android,4G,5,Friday,False,5
TXN0000000633,2024-10-20 13:13:00,Bill Payment,Fuel,349,SUCCESS,Gujarat,IndusInd,IndusInd,Android,5G,13,Sunday,True,13
TXN0000000634,2024-02-08 18:15:00,P2P,Grocery,197,FAILED,Karnataka,IndusInd,SBI,Android,WiFi,18,Thursday,False,18
TXN0000000635,2024-10-27 05:55:00,P2M,Food,1107,SUCCESS,Gujarat,Axis,IndusInd,Android,4G,5,Sunday,True,5
TXN0000000636,2024-06-09 09:30:00,P2P,Food,135,SUCCESS,Gujarat,SBI,SBI,Android,WiFi,9,Sunday,True,9
TXN0000000637,2024-07-28 13:10:00,Bill Payment,Utilities,2362,SUCCESS,Tamil Nadu,ICICI,Kotak,Android,4G,13,Sunday,True,13
TXN0000000638,2024-05-27 00:11:00,P2P,Shopping,422,SUCCESS,Maharashtra,IndusInd,Kotak,Android,4G,0,Monday,False,0
TXN0000000639,2024-11-26 11:56:00,P2P,Grocery,3084,SUCCESS,Telangana,Yes Bank,SBI,Web,4G,11,Tuesday,False,11
TXN0000000640,2024-07-24 10:13:00,P2P,Entertainment,1001,SUCCESS,Uttar Pradesh,ICICI,SBI,Android,4G,10,Wednesday,False,10
TXN0000000641,2024-08-06 20:01:00,P2P,Transport,98,SUCCESS,Andhra Pradesh,ICICI,ICICI,Android,4G,20,Tuesday,False,20
TXN0000000642,2024-04-15 18:03:00,Bill Payment,Education,14968,SUCCESS,Maharashtra,Kotak,SBI,Web,3G,18,Monday,False,18
TXN0000000643,2024-10-30 18:25:00,P2P,Food,135,SUCCESS,Andhra Pradesh,SBI,SBI,Web,5G,18,Wednesday,False,18
TXN0000000644,2024-12-28 20:30:00,P2M,Transport,287,SUCCESS,Andhra Pradesh,SBI,SBI,Android,3G,20,Saturday,True,20
TXN0000000645,2024-04-11 17:42:00,P2M,Fuel,607,SUCCESS,Rajasthan,HDFC,SBI,Android,3G,17,Thursday,False,17
TXN0000000646,2024-03-20 14:33:00,P2P,Grocery,892,SUCCESS,Tamil Nadu,HDFC,SBI,iOS,4G,14,Wednesday,False,14
TXN0000000647,2024-07-28 20:32:00,P2P,Grocery,304,SUCCESS,Delhi,PNB,ICICI,Android,3G,20,Sunday,True,20
TXN0000000648,2024-06-09 16:54:00,P2P,Grocery,584,SUCCESS,Telangana,SBI,Axis,Android,4G,16,Sunday,True,16
TXN0000000649,2024-08-23 22:30:00,P2M,Transport,635,SUCCESS,Telangana,ICICI,Yes Bank,Android,5G,22,Friday,False,22
TXN0000000650,2024-11-20 16:25:00,P2P,Education,2093,SUCCESS,Delhi,SBI,Axis,Web,4G,16,Wednesday,False,16
TXN0000000651,2024-11-25 21:16:00,P2P,Shopping,181,SUCCESS,West Bengal,HDFC,HDFC,iOS,4G,21,Monday,False,21
TXN0000000652,2024-06-25 20:46:00,P2P,Shopping,758,SUCCESS,West Bengal,SBI,SBI,Web,5G,20,Tuesday,False,20
TXN0000000653,2024-09-22 09:50:00,P2M,Food,452,SUCCESS,Delhi,IndusInd,SBI,Android,WiFi,9,Sunday,True,9
TXN0000000654,2024-05-05 16:59:00,P2P,Fuel,454,SUCCESS,Delhi,HDFC,IndusInd,Android,3G,16,Sunday,True,16
TXN0000000655,2024-08-24 10:07:00,Recharge,Grocery,191,SUCCESS,Tamil Nadu,HDFC,PNB,Android,5G,10,Saturday,True,10
TXN0000000656,2024-12-16 13:17:00,P2P,Healthcare,545,SUCCESS,Telangana,SBI,HDFC,Android,5G,13,Monday,False,13
TXN0000000657,2024-07-29 19:50:00,P2M,Grocery,2036,SUCCESS,Rajasthan,Axis,SBI,Android,4G,19,Monday,False,19
TXN0000000658,2024-10-12 13:52:00,P2P,Food,471,SUCCESS,Delhi,ICICI,IndusInd,Android,4G,13,Saturday,True,13
TXN0000000659,2024-06-27 05:42:00,P2M,Shopping,358,SUCCESS,Delhi,ICICI,Kotak,Web,4G,5,Thursday,False,5
TXN0000000660,2024-07-12 16:58:00,P2P,Education,1222,FAILED,Uttar Pradesh,IndusInd,PNB,Android,5G,16,Friday,False,16
TXN0000000661,2024-06-13 11:05:00,P2M,Transport,105,SUCCESS,Karnataka,Axis,SBI,Android,4G,11,Thursday,False,11
TXN0000000662,2024-01-15 15:04:00,P2M,Food,166,SUCCESS,Delhi,IndusInd,Axis,Android,4G,15,Monday,False,15
TXN0000000663,2024-02-11 17:41:00,P2P,Shopping,1536,SUCCESS,Delhi,IndusInd,SBI,Android,4G,17,Sunday,True,17
TXN0000000664,2024-10-05 19:30:00,P2M,Education,20396,SUCCESS,Andhra Pradesh,SBI,Kotak,iOS,4G,19,Saturday,True,19
TXN0000000665,2024-10-04 21:17:00,P2P,Other,165,FAILED,Telangana,Yes Bank,HDFC,Android,4G,21,Friday,False,21
TXN0000000666,2024-09-03 21:59:00,P2M,Education,7115,FAILED,West Bengal,HDFC,IndusInd,Android,WiFi,21,Tuesday,False,21
TXN0000000667,2024-03-16 21:22:00,P2M,Shopping,792,SUCCESS,Karnataka,SBI,Yes Bank,Web,4G,21,Saturday,True,21
TXN0000000668,2024-08-02 18:22:00,P2P,Grocery,1568,SUCCESS,Tamil Nadu,ICICI,SBI,Android,4G,18,Friday,False,18
TXN0000000669,2024-08-29 23:01:00,Bill Payment,Healthcare,477,SUCCESS,Andhra Pradesh,SBI,IndusInd,Android,5G,23,Thursday,False,23
TXN0000000670,2024-08-27 20:25:00,P2P,Other,261,SUCCESS,Maharashtra,Axis,HDFC,Android,WiFi,20,Tuesday,False,20
TXN0000000671,2024-08-08 17:00:00,Bill Payment,Shopping,791,SUCCESS,Andhra Pradesh,HDFC,SBI,Android,4G,17,Thursday,False,17
TXN0000000672,2024-01-08 19:32:00,P2M,Food,74,SUCCESS,West Bengal,HDFC,ICICI,Android,4G,19,Monday,False,19
TXN0000000673,2024-10-07 21:11:00,P2P,Grocery,1023,SUCCESS,Gujarat,ICICI,Axis,Android,4G,21,Monday,False,21
TXN0000000674,2024-12-16 21:26:00,P2M,Grocery,588,SUCCESS,Rajasthan,PNB,PNB,Android,4G,21,Monday,False,21
TXN0000000675,2024-11-22 11:31:00,P2M,Utilities,3195,SUCCESS,West Bengal,ICICI,Axis,Android,WiFi,11,Friday,False,11
TXN0000000676,2024-01-06 14:24:00,Recharge,Entertainment,436,SUCCESS,Karnataka,ICICI,Axis,Android,4G,14,Saturday,True,14
TXN0000000677,2024-06-05 14:35:00,P2P,Other,497,SUCCESS,Karnataka,IndusInd,Axis,iOS,4G,14,Wednesday,False,14
TXN0000000678,2024-03-09 08:40:00,P2P,Other,416,FAILED,Rajasthan,HDFC,Axis,Android,WiFi,8,Saturday,True,8
TXN0000000679,2024-08-31 08:01:00,Bill Payment,Shopping,432,SUCCESS,Delhi,PNB,Yes Bank,Android,5G,8,Saturday,True,8
TXN0000000680,2024-09-01 15:07:00,Bill Payment,Fuel,557,SUCCESS,Gujarat,SBI,Yes Bank,iOS,4G,15,Sunday,True,15
TXN0000000681,2024-04-08 16:58:00,P2M,Fuel,824,SUCCESS,Andhra Pradesh,Yes Bank,SBI,Android,4G,16,Monday,False,16
TXN0000000682,2024-05-14 17:31:00,P2M,Food,1347,SUCCESS,Maharashtra,Kotak,SBI,Android,3G,17,Tuesday,False,17
TXN0000000683,2024-08-17 17:52:00,P2M,Utilities,1423,SUCCESS,Uttar Pradesh,HDFC,SBI,Android,3G,17,Saturday,True,17
TXN0000000684,2024-11-11 20:35:00,P2M,Shopping,3969,FAILED,Karnataka,SBI,SBI,iOS,5G,20,Monday,False,20
TXN0000000685,2024-01-09 10:41:00,P2P,Other,598,SUCCESS,Tamil Nadu,IndusInd,SBI,Android,4G,10,Tuesday,False,10
TXN0000000686,2024-01-20 21:38:00,P2M,Entertainment,237,SUCCESS,Karnataka,PNB,SBI,iOS,4G,21,Saturday,True,21
TXN0000000687,2024-11-11 06:54:00,P2M,Shopping,1880,SUCCESS,Karnataka,IndusInd,SBI,Android,4G,6,Monday,False,6
TXN0000000688,2024-04-08 20:23:00,P2M,Fuel,516,SUCCESS,Gujarat,HDFC,SBI,Android,WiFi,20,Monday,False,20
TXN0000000689,2024-10-25 23:37:00,P2P,Food,164,SUCCESS,Telangana,PNB,Yes Bank,Android,4G,23,Friday,False,23
TXN0000000690,2024-02-04 18:09:00,P2M,Grocery,3200,SUCCESS,Maharashtra,SBI,Yes Bank,iOS,4G,18,Sunday,True,18
TXN0000000691,2024-06-27 13:51:00,P2P,Education,1719,SUCCESS,Telangana,HDFC,SBI,Android,WiFi,13,Thursday,False,13
TXN0000000692,2024-03-11 20:04:00,P2M,Other,203,SUCCESS,Rajasthan,SBI,Kotak,Android,WiFi,20,Monday,False,20
TXN0000000693,2024-06-09 16:07:00,Bill Payment,Fuel,2126,SUCCESS,Maharashtra,Axis,Yes Bank,Android,5G,16,Sunday,True,16
TXN0000000694,2024-09-13 16:41:00,P2P,Fuel,1437,SUCCESS,Gujarat,ICICI,ICICI,iOS,WiFi,16,Friday,False,16
TXN0000000695,2024-01-18 12:12:00,P2P,Utilities,2228,SUCCESS,Telangana,SBI,Axis,Android,4G,12,Thursday,False,12
TXN0000000696,2024-01-10 01:41:00,P2P,Education,1312,FAILED,Telangana,SBI,HDFC,Android,4G,1,Wednesday,False,1
TXN0000000697,2024-01-04 05:05:00,P2P,Utilities,5764,SUCCESS,Tamil Nadu,SBI,IndusInd,Android,4G,5,Thursday,False,5
TXN0000000698,2024-11-19 10:09:00,Bill Payment,Grocery,3765,SUCCESS,Uttar Pradesh,ICICI,HDFC,iOS,5G,10,Tuesday,False,10
TXN0000000699,2024-08-08 21:59:00,P2M,Utilities,3122,SUCCESS,Maharashtra,SBI,PNB,Android,5G,21,Thursday,False,21
TXN0000000700,2024-09-29 21:11:00,P2P,Shopping,440,SUCCESS,Maharashtra,Yes Bank,IndusInd,iOS,4G,21,Sunday,True,21
TXN0000000701,2024-06-16 23:19:00,P2P,Food,1070,SUCCESS,Telangana,IndusInd,IndusInd,Web,4G,23,Sunday,True,23
TXN0000000702,2024-06-28 18:54:00,P2P,Healthcare,421,SUCCESS,Maharashtra,ICICI,IndusInd,Android,WiFi,18,Friday,False,18
TXN0000000703,2024-04-18 20:18:00,P2M,Grocery,2055,SUCCESS,West Bengal,PNB,ICICI,Android,5G,20,Thursday,False,20
TXN0000000704,2024-07-23 18:27:00,P2P,Shopping,4081,SUCCESS,Telangana,SBI,HDFC,iOS,4G,18,Tuesday,False,18
TXN0000000705,2024-03-18 15:52:00,P2M,Food,1659,SUCCESS,Maharashtra,SBI,Yes Bank,Android,4G,15,Monday,False,15
TXN0000000706,2024-05-01 18:23:00,P2P,Grocery,314,SUCCESS,Tamil Nadu,SBI,Kotak,Android,4G,18,Wednesday,False,18
TXN0000000707,2024-04-29 19:48:00,Bill Payment,Fuel,2962,SUCCESS,Karnataka,SBI,Yes Bank,Android,4G,19,Monday,False,19
TXN0000000708,2024-12-25 16:42:00,P2P,Grocery,197,SUCCESS,Maharashtra,ICICI,IndusInd,iOS,4G,16,Wednesday,False,16
TXN0000000709,2024-04-11 10:16:00,P2P,Transport,105,SUCCESS,Andhra Pradesh,Axis,PNB,Android,4G,10,Thursday,False,10
TXN0000000710,2024-02-27 17:09:00,P2M,Food,103,SUCCESS,Uttar Pradesh,Yes Bank,Axis,Android,WiFi,17,Tuesday,False,17
TXN0000000711,2024-05-02 22:55:00,P2P,Other,324,SUCCESS,West Bengal,IndusInd,Axis,iOS,4G,22,Thursday,False,22
TXN0000000712,2024-06-07 13:19:00,P2M,Transport,131,SUCCESS,Gujarat,Axis,SBI,Android,5G,13,Friday,False,13
TXN0000000713,2024-03-05 22:55:00,P2P,Utilities,3092,SUCCESS,Andhra Pradesh,Axis,ICICI,Android,4G,22,Tuesday,False,22
TXN0000000714,2024-07-08 21:30:00,P2M,Transport,40,SUCCESS,Maharashtra,SBI,HDFC,Web,4G,21,Monday,False,21
TXN0000000715,2024-09-01 23:57:00,Bill Payment,Entertainment,258,SUCCESS,Telangana,Axis,SBI,Android,5G,23,Sunday,True,23
TXN0000000716,2024-04-22 11:33:00,P2P,Shopping,6048,SUCCESS,Tamil Nadu,HDFC,ICICI,Android,4G,11,Monday,False,11
TXN0000000717,2024-04-07 19:57:00,P2M,Transport,563,SUCCESS,Telangana,HDFC,SBI,Android,4G,19,Sunday,True,19
TXN0000000718,2024-03-19 16:20:00,P2M,Grocery,1835,SUCCESS,Tamil Nadu,ICICI,SBI,Android,5G,16,Tuesday,False,16
TXN0000000719,2024-09-30 23:00:00,P2M,Transport,85,SUCCESS,Maharashtra,Kotak,Axis,iOS,4G,23,Monday,False,23
TXN0000000720,2024-04-25 19:50:00,P2P,Grocery,883,SUCCESS,Delhi,SBI,Yes Bank,Android,5G,19,Thursday,False,19
TXN0000000721,2024-07-12 12:10:00,P2P,Entertainment,899,SUCCESS,Uttar Pradesh,HDFC,Yes Bank,Android,4G,12,Friday,False,12
TXN0000000722,2024-05-12 23:48:00,Bill Payment,Education,573,SUCCESS,Karnataka,Yes Bank,HDFC,Android,5G,23,Sunday,True,23
TXN0000000723,2024-03-14 19:56:00,P2M,Fuel,324,SUCCESS,Karnataka,SBI,Axis,Android,WiFi,19,Thursday,False,19
TXN0000000724,2024-12-19 05:54:00,P2M,Grocery,96,SUCCESS,Maharashtra,PNB,Yes Bank,Android,5G,5,Thursday,False,5
TXN0000000725,2024-01-20 21:05:00,P2M,Grocery,151,SUCCESS,Telangana,Yes Bank,PNB,Android,5G,21,Saturday,True,21
TXN0000000726,2024-12-27 08:56:00,P2M,Utilities,266,SUCCESS,Maharashtra,IndusInd,Kotak,Android,4G,8,Friday,False,8
TXN0000000727,2024-02-20 19:50:00,Bill Payment,Shopping,188,SUCCESS,Uttar Pradesh,Yes Bank,SBI,Android,4G,19,Tuesday,False,19
TXN0000000728,2024-11-26 15:53:00,P2P,Utilities,1682,SUCCESS,Andhra Pradesh,PNB,Kotak,Android,4G,15,Tuesday,False,15
TXN0000000729,2024-10-05 10:30:00,P2M,Other,927,SUCCESS,Telangana,SBI,Yes Bank,Android,5G,10,Saturday,True,10
TXN0000000730,2024-12-23 10:33:00,Bill Payment,Fuel,318,SUCCESS,Uttar Pradesh,ICICI,HDFC,Android,5G,10,Monday,False,10
TXN0000000731,2024-10-14 18:41:00,P2M,Fuel,973,SUCCESS,Karnataka,HDFC,PNB,Android,WiFi,18,Monday,False,18
TXN0000000732,2024-07-09 14:46:00,P2P,Fuel,619,SUCCESS,Delhi,Kotak,SBI,Android,4G,14,Tuesday,False,14
TXN0000000733,2024-02-14 21:40:00,Bill Payment,Other,243,SUCCESS,Karnataka,Axis,SBI,Android,4G,21,Wednesday,False,21
TXN0000000734,2024-04-16 10:26:00,P2P,Utilities,4103,SUCCESS,Karnataka,Axis,ICICI,Web,4G,10,Tuesday,False,10
TXN0000000735,2024-04-20 09:39:00,P2M,Shopping,738,SUCCESS,Uttar Pradesh,SBI,SBI,Android,3G,9,Saturday,True,9
TXN0000000736,2024-12-15 20:09:00,P2M,Shopping,440,SUCCESS,Andhra Pradesh,SBI,PNB,Android,4G,20,Sunday,True,20
TXN0000000737,2024-08-26 21:59:00,Bill Payment,Grocery,2150,SUCCESS,Tamil Nadu,SBI,HDFC,Android,3G,21,Monday,False,21
TXN0000000738,2024-05-31 15:37:00,P2M,Other,412,SUCCESS,Maharashtra,HDFC,PNB,iOS,4G,15,Friday,False,15
TXN0000000739,2024-07-26 07:02:00,Bill Payment,Transport,69,FAILED,Andhra Pradesh,Yes Bank,IndusInd,iOS,4G,7,Friday,False,7
TXN0000000740,2024-06-21 18:51:00,P2P,Fuel,1742,SUCCESS,West Bengal,HDFC,SBI,Android,5G,18,Friday,False,18
TXN0000000741,2024-10-30 17:37:00,Recharge,Healthcare,361,SUCCESS,Karnataka,SBI,ICICI,Android,5G,17,Wednesday,False,17
TXN0000000742,2024-10-07 10:06:00,P2P,Entertainment,288,SUCCESS,Uttar Pradesh,ICICI,ICICI,Android,4G,10,Monday,False,10
TXN0000000743,2024-05-23 21:56:00,P2P,Food,152,SUCCESS,West Bengal,Kotak,Axis,Android,4G,21,Thursday,False,21
TXN0000000744,2024-03-06 23:50:00,Bill Payment,Food,282,SUCCESS,Gujarat,Kotak,IndusInd,Android,5G,23,Wednesday,False,23
TXN0000000745,2024-08-15 12:52:00,P2P,Transport,90,SUCCESS,Andhra Pradesh,PNB,SBI,Android,4G,12,Thursday,False,12
TXN0000000746,2024-12-04 16:12:00,Bill Payment,Entertainment,104,SUCCESS,Tamil Nadu,SBI,HDFC,Web,5G,16,Wednesday,False,16
TXN0000000747,2024-11-25 15:53:00,Bill Payment,Entertainment,169,SUCCESS,Delhi,PNB,IndusInd,Android,4G,15,Monday,False,15
TXN0000000748,2024-09-04 14:26:00,P2P,Other,2333,SUCCESS,Tamil Nadu,PNB,SBI,Android,5G,14,Wednesday,False,14
TXN0000000749,2024-05-19 13:12:00,P2P,Healthcare,231,SUCCESS,Rajasthan,Kotak,SBI,Android,4G,13,Sunday,True,13
TXN0000000750,2024-05-09 11:49:00,Bill Payment,Food,1257,SUCCESS,Karnataka,Yes Bank,SBI,Android,4G,11,Thursday,False,11
TXN0000000751,2024-05-22 20:48:00,P2M,Other,2293,SUCCESS,Maharashtra,HDFC,IndusInd,iOS,4G,20,Wednesday,False,20
TXN0000000752,2024-07-28 11:25:00,P2P,Grocery,1771,SUCCESS,Telangana,SBI,PNB,iOS,5G,11,Sunday,True,11
TXN0000000753,2024-11-24 13:20:00,Bill Payment,Other,1233,SUCCESS,Maharashtra,PNB,SBI,Android,4G,13,Sunday,True,13
TXN0000000754,2024-01-07 10:12:00,Bill Payment,Shopping,1232,SUCCESS,Maharashtra,HDFC,SBI,iOS,3G,10,Sunday,True,10
TXN0000000755,2024-08-28 17:18:00,P2M,Food,155,SUCCESS,Telangana,HDFC,Yes Bank,Android,4G,17,Wednesday,False,17
TXN0000000756,2024-08-24 19:03:00,Bill Payment,Fuel,620,SUCCESS,Telangana,IndusInd,Axis,Android,5G,19,Saturday,True,19
TXN0000000757,2024-03-08 07:56:00,P2P,Fuel,1424,SUCCESS,Delhi,PNB,Kotak,Android,WiFi,7,Friday,False,7
TXN0000000758,2024-10-17 13:25:00,P2M,Food,507,SUCCESS,Rajasthan,PNB,Kotak,Android,4G,13,Thursday,False,13
TXN0000000759,2024-01-05 12:14:00,P2P,Food,627,SUCCESS,Maharashtra,SBI,Kotak,Android,5G,12,Friday,False,12
TXN0000000760,2024-09-24 11:41:00,P2M,Transport,811,SUCCESS,Delhi,PNB,SBI,Android,4G,11,Tuesday,False,11
TXN0000000761,2024-07-14 16:26:00,P2P,Entertainment,162,SUCCESS,Maharashtra,Axis,ICICI,iOS,5G,16,Sunday,True,16
TXN0000000762,2024-03-24 11:46:00,Recharge,Transport,75,SUCCESS,Uttar Pradesh,Kotak,SBI,Android,WiFi,11,Sunday,True,11
TXN0000000763,2024-08-18 21:28:00,P2P,Transport,458,SUCCESS,Andhra Pradesh,SBI,PNB,Android,5G,21,Sunday,True,21
TXN0000000764,2024-07-10 18:09:00,P2P,Food,348,SUCCESS,Delhi,IndusInd,IndusInd,Android,4G,18,Wednesday,False,18
TXN0000000765,2024-09-01 13:48:00,P2P,Education,1931,SUCCESS,Maharashtra,IndusInd,Axis,Android,4G,13,Sunday,True,13
TXN0000000766,2024-12-13 12:07:00,P2P,Other,928,SUCCESS,Delhi,SBI,Axis,Android,4G,12,Friday,False,12
TXN0000000767,2024-01-28 17:14:00,P2M,Shopping,1440,SUCCESS,Maharashtra,SBI,SBI,Android,5G,17,Sunday,True,17
TXN0000000768,2024-09-21 12:51:00,P2M,Other,757,SUCCESS,Gujarat,HDFC,Kotak,Android,5G,12,Saturday,True,12
TXN0000000769,2024-06-06 19:12:00,P2M,Other,590,SUCCESS,Gujarat,HDFC,PNB,Android,5G,19,Thursday,False,19
TXN0000000770,2024-07-02 10:38:00,P2M,Fuel,4229,SUCCESS,Karnataka,SBI,SBI,Android,5G,10,Tuesday,False,10
TXN0000000771,2024-09-22 10:27:00,P2M,Fuel,426,SUCCESS,Tamil Nadu,Axis,Axis,Android,5G,10,Sunday,True,10
TXN0000000772,2024-11-27 18:29:00,P2M,Grocery,469,SUCCESS,West Bengal,SBI,IndusInd,Android,WiFi,18,Wednesday,False,18
TXN0000000773,2024-03-14 21:37:00,P2M,Fuel,373,SUCCESS,Uttar Pradesh,PNB,Yes Bank,Android,4G,21,Thursday,False,21
TXN0000000774,2024-07-23 13:20:00,P2P,Fuel,2033,SUCCESS,Andhra Pradesh,SBI,PNB,Android,4G,13,Tuesday,False,13
TXN0000000775,2024-09-25 19:48:00,P2M,Utilities,3086,SUCCESS,Maharashtra,IndusInd,PNB,iOS,4G,19,Wednesday,False,19
TXN0000000776,2024-02-07 16:48:00,P2P,Grocery,2044,SUCCESS,Maharashtra,SBI,ICICI,Android,5G,16,Wednesday,False,16
TXN0000000777,2024-08-01 16:58:00,P2P,Utilities,259,FAILED,Andhra Pradesh,Yes Bank,ICICI,Android,4G,16,Thursday,False,16
TXN0000000778,2024-12-29 06:52:00,P2P,Entertainment,487,FAILED,Maharashtra,SBI,IndusInd,Android,3G,6,Sunday,True,6
TXN0000000779,2024-05-12 17:20:00,P2P,Utilities,2587,SUCCESS,Rajasthan,SBI,SBI,iOS,4G,17,Sunday,True,17
TXN0000000780,2024-09-10 16:07:00,P2P,Transport,107,SUCCESS,Karnataka,Kotak,SBI,Android,3G,16,Tuesday,False,16
TXN0000000781,2024-03-30 20:20:00,P2P,Fuel,403,SUCCESS,West Bengal,SBI,SBI,Android,4G,20,Saturday,True,20
TXN0000000782,2024-05-02 13:43:00,Recharge,Entertainment,194,SUCCESS,Maharashtra,PNB,Yes Bank,Android,4G,13,Thursday,False,13
TXN0000000783,2024-05-21 06:32:00,P2P,Utilities,421,SUCCESS,West Bengal,Kotak,Yes Bank,Android,4G,6,Tuesday,False,6
TXN0000000784,2024-03-23 11:02:00,Recharge,Entertainment,187,SUCCESS,Delhi,SBI,Kotak,Android,5G,11,Saturday,True,11
TXN0000000785,2024-10-24 09:48:00,P2M,Shopping,2109,SUCCESS,Tamil Nadu,ICICI,ICICI,Android,WiFi,9,Thursday,False,9
TXN0000000786,2024-12-14 10:58:00,P2P,Transport,46,SUCCESS,Uttar Pradesh,PNB,Axis,iOS,WiFi,10,Saturday,True,10
TXN0000000787,2024-08-06 10:13:00,Bill Payment,Utilities,8818,SUCCESS,Telangana,Yes Bank,SBI,Android,5G,10,Tuesday,False,10
TXN0000000788,2024-01-30 19:13:00,P2M,Shopping,223,SUCCESS,Rajasthan,PNB,HDFC,Android,4G,19,Tuesday,False,19
TXN0000000789,2024-02-23 20:30:00,P2P,Grocery,2769,SUCCESS,Uttar Pradesh,ICICI,Axis,iOS,4G,20,Friday,False,20
TXN0000000790,2024-01-02 21:28:00,P2M,Other,309,SUCCESS,West Bengal,Axis,ICICI,Android,3G,21,Tuesday,False,21
TXN0000000791,2024-03-03 11:30:00,P2P,Utilities,5529,SUCCESS,Uttar Pradesh,IndusInd,ICICI,Android,4G,11,Sunday,True,11
TXN0000000792,2024-01-07 17:46:00,P2P,Shopping,314,SUCCESS,West Bengal,Yes Bank,IndusInd,iOS,5G,17,Sunday,True,17
TXN0000000793,2024-12-21 18:10:00,P2P,Utilities,2543,SUCCESS,Tamil Nadu,HDFC,HDFC,Android,4G,18,Saturday,True,18
TXN0000000794,2024-06-04 06:16:00,P2M,Utilities,2016,SUCCESS,Andhra Pradesh,ICICI,PNB,Android,4G,6,Tuesday,False,6
TXN0000000795,2024-06-29 16:48:00,P2P,Food,228,SUCCESS,Andhra Pradesh,ICICI,PNB,Android,4G,16,Saturday,True,16
TXN0000000796,2024-12-08 08:08:00,Bill Payment,Transport,321,SUCCESS,Karnataka,HDFC,SBI,iOS,4G,8,Sunday,True,8
TXN0000000797,2024-06-12 16:59:00,P2P,Food,124,SUCCESS,Karnataka,HDFC,ICICI,Android,5G,16,Wednesday,False,16
TXN0000000798,2024-12-27 20:27:00,P2M,Fuel,1069,SUCCESS,Tamil Nadu,PNB,Kotak,Android,4G,20,Friday,False,20
TXN0000000799,2024-04-22 00:57:00,P2M,Grocery,2124,SUCCESS,Uttar Pradesh,Yes Bank,Yes Bank,Android,4G,0,Monday,False,0
TXN0000000800,2024-01-10 17:34:00,Bill Payment,Fuel,1357,SUCCESS,West Bengal,Axis,HDFC,Web,4G,17,Wednesday,False,17
TXN0000000801,2024-04-27 19:38:00,Bill Payment,Shopping,2536,SUCCESS,Karnataka,PNB,Axis,Android,5G,19,Saturday,True,19
TXN0000000802,2024-12-19 21:26:00,P2P,Other,1446,SUCCESS,Telangana,Axis,SBI,Android,4G,21,Thursday,False,21
TXN0000000803,2024-09-06 12:43:00,P2M,Shopping,7271,SUCCESS,Tamil Nadu,HDFC,ICICI,iOS,4G,12,Friday,False,12
TXN0000000804,2024-06-13 11:11:00,Bill Payment,Grocery,512,SUCCESS,Uttar Pradesh,Yes Bank,ICICI,iOS,4G,11,Thursday,False,11
TXN0000000805,2024-10-07 21:51:00,P2P,Food,113,SUCCESS,Maharashtra,IndusInd,ICICI,Android,4G,21,Monday,False,21
TXN0000000806,2024-08-11 22:38:00,Bill Payment,Transport,78,SUCCESS,West Bengal,IndusInd,HDFC,Android,4G,22,Sunday,True,22
TXN0000000807,2024-06-21 12:17:00,P2P,Other,375,SUCCESS,Telangana,Yes Bank,Kotak,Android,5G,12,Friday,False,12
TXN0000000808,2024-09-13 13:34:00,P2M,Fuel,776,SUCCESS,Maharashtra,SBI,SBI,Android,4G,13,Friday,False,13
TXN0000000809,2024-08-15 11:37:00,P2M,Grocery,1878,SUCCESS,Maharashtra,Kotak,SBI,Android,5G,11,Thursday,False,11
TXN0000000810,2024-11-29 17:49:00,P2P,Other,442,SUCCESS,Maharashtra,PNB,HDFC,Android,4G,17,Friday,False,17
TXN0000000811,2024-09-21 17:53:00,P2P,Healthcare,1048,SUCCESS,Delhi,Kotak,ICICI,Android,5G,17,Saturday,True,17
TXN0000000812,2024-11-30 16:06:00,P2P,Utilities,154,SUCCESS,West Bengal,SBI,Kotak,Android,4G,16,Saturday,True,16
TXN0000000813,2024-12-11 14:54:00,Bill Payment,Food,1028,SUCCESS,Telangana,Axis,SBI,iOS,4G,14,Wednesday,False,14
TXN0000000814,2024-06-15 08:19:00,P2P,Transport,518,SUCCESS,West Bengal,Axis,Axis,Android,5G,8,Saturday,True,8
TXN0000000815,2024-02-10 18:43:00,P2M,Grocery,342,SUCCESS,Uttar Pradesh,IndusInd,Axis,Android,4G,18,Saturday,True,18
TXN0000000816,2024-06-13 11:18:00,P2P,Utilities,170,SUCCESS,Andhra Pradesh,Kotak,Kotak,Android,4G,11,Thursday,False,11
TXN0000000817,2024-03-09 18:26:00,P2P,Grocery,3953,SUCCESS,Maharashtra,HDFC,Axis,Android,4G,18,Saturday,True,18
TXN0000000818,2024-06-08 10:14:00,P2P,Shopping,746,SUCCESS,Andhra Pradesh,HDFC,SBI,Android,4G,10,Saturday,True,10
TXN0000000819,2024-10-06 19:08:00,P2M,Transport,646,SUCCESS,Tamil Nadu,SBI,SBI,Android,5G,19,Sunday,True,19
TXN0000000820,2024-04-27 22:35:00,P2M,Grocery,834,FAILED,Telangana,ICICI,HDFC,Android,4G,22,Saturday,True,22
TXN0000000821,2024-05-29 17:47:00,P2M,Other,1020,SUCCESS,Maharashtra,IndusInd,PNB,Android,5G,17,Wednesday,False,17
TXN0000000822,2024-06-05 11:42:00,P2P,Other,498,SUCCESS,Tamil Nadu,Kotak,ICICI,Android,4G,11,Wednesday,False,11
TXN0000000823,2024-07-21 20:13:00,P2M,Food,1151,SUCCESS,Delhi,Kotak,IndusInd,iOS,4G,20,Sunday,True,20
TXN0000000824,2024-11-19 04:00:00,P2P,Transport,690,SUCCESS,Uttar Pradesh,IndusInd,SBI,Android,4G,4,Tuesday,False,4
TXN0000000825,2024-02-22 18:29:00,P2P,Grocery,100,SUCCESS,Maharashtra,Axis,ICICI,Android,WiFi,18,Thursday,False,18
TXN0000000826,2024-11-06 11:55:00,P2P,Other,1490,SUCCESS,Tamil Nadu,Axis,SBI,Android,5G,11,Wednesday,False,11
TXN0000000827,2024-03-10 15:23:00,P2P,Utilities,2528,SUCCESS,Delhi,HDFC,PNB,Android,4G,15,Sunday,True,15
TXN0000000828,2024-04-18 12:58:00,P2P,Shopping,5140,SUCCESS,Andhra Pradesh,Yes Bank,ICICI,Android,4G,12,Thursday,False,12
TXN0000000829,2024-03-17 11:11:00,P2M,Shopping,536,SUCCESS,Gujarat,SBI,IndusInd,Android,3G,11,Sunday,True,11
TXN0000000830,2024-12-03 19:13:00,P2M,Grocery,190,SUCCESS,Maharashtra,ICICI,Kotak,Android,WiFi,19,Tuesday,False,19
TXN0000000831,2024-10-25 11:10:00,P2M,Other,434,SUCCESS,Andhra Pradesh,Axis,HDFC,Android,5G,11,Friday,False,11
TXN0000000832,2024-12-30 10:49:00,P2M,Food,206,SUCCESS,Tamil Nadu,Kotak,Kotak,Android,4G,10,Monday,False,10
TXN0000000833,2024-08-15 18:15:00,P2P,Food,303,SUCCESS,Karnataka,SBI,HDFC,iOS,4G,18,Thursday,False,18
TXN0000000834,2024-05-10 20:34:00,P2P,Shopping,2405,SUCCESS,Gujarat,Yes Bank,Axis,Android,4G,20,Friday,False,20
TXN0000000835,2024-06-05 12:41:00,P2M,Utilities,968,SUCCESS,Rajasthan,IndusInd,SBI,Android,3G,12,Wednesday,False,12
TXN0000000836,2024-10-24 08:03:00,Bill Payment,Shopping,811,SUCCESS,Karnataka,PNB,HDFC,iOS,4G,8,Thursday,False,8
TXN0000000837,2024-03-09 20:46:00,P2P,Food,2322,SUCCESS,Uttar Pradesh,Yes Bank,IndusInd,Android,4G,20,Saturday,True,20
TXN0000000838,2024-12-17 13:25:00,P2M,Food,204,SUCCESS,Delhi,PNB,Kotak,Android,5G,13,Tuesday,False,13
TXN0000000839,2024-06-05 11:22:00,P2P,Food,298,SUCCESS,Rajasthan,SBI,Axis,Android,4G,11,Wednesday,False,11
TXN0000000840,2024-01-27 19:26:00,P2M,Transport,135,SUCCESS,Uttar Pradesh,Kotak,PNB,Android,WiFi,19,Saturday,True,19
TXN0000000841,2024-02-26 18:50:00,P2P,Shopping,129,SUCCESS,Rajasthan,IndusInd,PNB,Android,4G,18,Monday,False,18
TXN0000000842,2024-01-03 23:50:00,P2P,Shopping,539,SUCCESS,Rajasthan,Kotak,Kotak,Android,3G,23,Wednesday,False,23
TXN0000000843,2024-07-18 20:29:00,P2P,Other,1017,SUCCESS,Uttar Pradesh,Yes Bank,Yes Bank,Android,5G,20,Thursday,False,20
TXN0000000844,2024-09-02 11:24:00,Bill Payment,Entertainment,127,SUCCESS,Tamil Nadu,SBI,Kotak,Android,3G,11,Monday,False,11
TXN0000000845,2024-07-17 10:03:00,Bill Payment,Other,778,SUCCESS,Gujarat,SBI,ICICI,Android,4G,10,Wednesday,False,10
TXN0000000846,2024-02-23 01:50:00,P2P,Transport,365,SUCCESS,Rajasthan,SBI,Kotak,Android,4G,1,Friday,False,1
TXN0000000847,2024-06-28 13:49:00,P2M,Grocery,845,SUCCESS,Karnataka,PNB,HDFC,Web,4G,13,Friday,False,13
TXN0000000848,2024-03-26 19:31:00,P2P,Entertainment,150,SUCCESS,Andhra Pradesh,Yes Bank,SBI,Android,5G,19,Tuesday,False,19
TXN0000000849,2024-07-30 16:51:00,P2M,Grocery,1946,FAILED,Delhi,PNB,IndusInd,Android,5G,16,Tuesday,False,16
TXN0000000850,2024-02-25 18:55:00,P2P,Shopping,358,SUCCESS,Telangana,IndusInd,IndusInd,iOS,5G,18,Sunday,True,18
TXN0000000851,2024-09-28 22:15:00,Bill Payment,Shopping,397,SUCCESS,Tamil Nadu,Axis,SBI,Android,4G,22,Saturday,True,22
TXN0000000852,2024-02-20 16:37:00,P2M,Grocery,796,SUCCESS,Uttar Pradesh,SBI,IndusInd,Android,4G,16,Tuesday,False,16
TXN0000000853,2024-05-26 16:37:00,P2M,Other,190,SUCCESS,Maharashtra,HDFC,Kotak,Android,5G,16,Sunday,True,16
TXN0000000854,2024-04-03 23:29:00,P2P,Grocery,163,SUCCESS,Maharashtra,IndusInd,Yes Bank,Android,4G,23,Wednesday,False,23
TXN0000000855,2024-06-29 22:50:00,P2M,Other,671,SUCCESS,Andhra Pradesh,SBI,SBI,iOS,4G,22,Saturday,True,22
TXN0000000856,2024-01-01 15:33:00,Recharge,Food,1185,SUCCESS,West Bengal,IndusInd,SBI,iOS,WiFi,15,Monday,False,15
TXN0000000857,2024-01-28 20:55:00,Bill Payment,Fuel,2376,FAILED,Andhra Pradesh,Kotak,SBI,Android,5G,20,Sunday,True,20
TXN0000000858,2024-07-15 02:31:00,P2M,Utilities,6366,SUCCESS,Telangana,ICICI,SBI,Android,4G,2,Monday,False,2
TXN0000000859,2024-02-24 02:08:00,P2P,Entertainment,481,SUCCESS,Delhi,SBI,Kotak,Android,4G,2,Saturday,True,2
TXN0000000860,2024-11-25 19:51:00,P2M,Transport,954,SUCCESS,Maharashtra,HDFC,Kotak,Android,4G,19,Monday,False,19
TXN0000000861,2024-01-21 04:34:00,P2M,Other,192,SUCCESS,West Bengal,Axis,Yes Bank,Android,4G,4,Sunday,True,4
TXN0000000862,2024-07-24 14:55:00,P2M,Grocery,548,SUCCESS,Delhi,SBI,HDFC,Android,5G,14,Wednesday,False,14
TXN0000000863,2024-09-02 16:58:00,P2P,Other,446,SUCCESS,Andhra Pradesh,SBI,Yes Bank,Android,4G,16,Monday,False,16
TXN0000000864,2024-02-17 19:22:00,P2M,Fuel,2627,SUCCESS,West Bengal,Yes Bank,ICICI,Web,3G,19,Saturday,True,19
TXN0000000865,2024-04-01 19:17:00,Bill Payment,Shopping,3760,SUCCESS,Maharashtra,SBI,Kotak,Android,3G,19,Monday,False,19
TXN0000000866,2024-03-01 21:20:00,P2M,Other,264,SUCCESS,Karnataka,SBI,SBI,Android,4G,21,Friday,False,21
TXN0000000867,2024-11-16 09:11:00,P2M,Food,123,SUCCESS,Gujarat,SBI,HDFC,Android,4G,9,Saturday,True,9
TXN0000000868,2024-06-12 13:04:00,Bill Payment,Fuel,1137,SUCCESS,West Bengal,Yes Bank,HDFC,Android,5G,13,Wednesday,False,13
TXN0000000869,2024-04-16 20:42:00,P2P,Shopping,365,SUCCESS,Tamil Nadu,HDFC,IndusInd,Android,WiFi,20,Tuesday,False,20
TXN0000000870,2024-08-14 09:10:00,Recharge,Healthcare,875,SUCCESS,Andhra Pradesh,Kotak,IndusInd,Android,3G,9,Wednesday,False,9
TXN0000000871,2024-02-27 18:13:00,P2P,Grocery,1526,SUCCESS,West Bengal,ICICI,Yes Bank,iOS,4G,18,Tuesday,False,18
TXN0000000872,2024-12-23 10:54:00,P2P,Transport,143,SUCCESS,West Bengal,IndusInd,HDFC,Android,4G,10,Monday,False,10
TXN0000000873,2024-01-20 20:45:00,P2P,Entertainment,249,SUCCESS,Uttar Pradesh,SBI,IndusInd,iOS,5G,20,Saturday,True,20
TXN0000000874,2024-08-14 09:57:00,P2P,Grocery,1081,SUCCESS,Tamil Nadu,PNB,SBI,Android,WiFi,9,Wednesday,False,9
TXN0000000875,2024-05-08 06:46:00,P2M,Healthcare,86,SUCCESS,Uttar Pradesh,ICICI,Yes Bank,Android,4G,6,Wednesday,False,6
TXN0000000876,2024-05-15 08:41:00,P2P,Shopping,1058,SUCCESS,Maharashtra,HDFC,Yes Bank,Android,4G,8,Wednesday,False,8
TXN0000000877,2024-08-19 17:41:00,P2P,Other,1360,SUCCESS,Delhi,SBI,Axis,iOS,4G,17,Monday,False,17
TXN0000000878,2024-06-30 12:03:00,P2P,Entertainment,1079,SUCCESS,Gujarat,HDFC,ICICI,Android,4G,12,Sunday,True,12
TXN0000000879,2024-02-06 19:17:00,P2M,Entertainment,160,FAILED,Uttar Pradesh,PNB,IndusInd,Android,5G,19,Tuesday,False,19
TXN0000000880,2024-01-04 11:51:00,P2M,Entertainment,98,SUCCESS,Uttar Pradesh,ICICI,Axis,Android,4G,11,Thursday,False,11
TXN0000000881,2024-07-11 07:02:00,P2P,Transport,671,SUCCESS,Rajasthan,HDFC,SBI,Android,4G,7,Thursday,False,7
TXN0000000882,2024-05-18 20:16:00,P2P,Shopping,645,FAILED,Rajasthan,ICICI,HDFC,Android,5G,20,Saturday,True,20
TXN0000000883,2024-01-05 20:28:00,P2M,Other,123,SUCCESS,Rajasthan,ICICI,IndusInd,Android,5G,20,Friday,False,20
TXN0000000884,2024-02-19 16:25:00,P2P,Healthcare,240,SUCCESS,Maharashtra,Yes Bank,Yes Bank,Android,4G,16,Monday,False,16
TXN0000000885,2024-06-26 16:19:00,P2M,Entertainment,479,SUCCESS,Uttar Pradesh,ICICI,SBI,iOS,4G,16,Wednesday,False,16
TXN0000000886,2024-07-11 02:11:00,P2M,Food,432,SUCCESS,Delhi,ICICI,Axis,Android,4G,2,Thursday,False,2
TXN0000000887,2024-06-28 15:25:00,P2M,Utilities,609,SUCCESS,Andhra Pradesh,Kotak,HDFC,iOS,3G,15,Friday,False,15
TXN0000000888,2024-07-11 15:43:00,P2P,Food,131,SUCCESS,Uttar Pradesh,Yes Bank,IndusInd,Android,4G,15,Thursday,False,15
TXN0000000889,2024-06-29 14:12:00,P2M,Utilities,245,SUCCESS,Andhra Pradesh,ICICI,ICICI,Android,4G,14,Saturday,True,14
TXN0000000890,2024-01-19 03:18:00,P2P,Transport,144,SUCCESS,Maharashtra,Yes Bank,IndusInd,Android,4G,3,Friday,False,3
TXN0000000891,2024-03-12 22:31:00,P2P,Grocery,913,SUCCESS,Telangana,SBI,SBI,Android,4G,22,Tuesday,False,22
TXN0000000892,2024-03-14 21:24:00,P2P,Transport,1270,SUCCESS,Maharashtra,HDFC,SBI,Android,4G,21,Thursday,False,21
TXN0000000893,2024-04-25 17:26:00,P2P,Food,794,SUCCESS,Telangana,Kotak,HDFC,Android,5G,17,Thursday,False,17
TXN0000000894,2024-02-10 20:21:00,P2M,Other,1520,SUCCESS,Tamil Nadu,SBI,IndusInd,Android,4G,20,Saturday,True,20
TXN0000000895,2024-09-14 12:52:00,Recharge,Shopping,3010,SUCCESS,Delhi,SBI,Axis,Android,4G,12,Saturday,True,12
TXN0000000896,2024-11-25 11:56:00,P2P,Entertainment,872,SUCCESS,Uttar Pradesh,Axis,SBI,Android,WiFi,11,Monday,False,11
TXN0000000897,2024-04-18 12:44:00,P2M,Food,270,SUCCESS,Tamil Nadu,SBI,SBI,Android,4G,12,Thursday,False,12
TXN0000000898,2024-12-29 17:29:00,P2M,Shopping,418,SUCCESS,Delhi,Axis,SBI,Android,5G,17,Sunday,True,17
TXN0000000899,2024-10-30 10:42:00,Bill Payment,Other,559,SUCCESS,Tamil Nadu,SBI,ICICI,iOS,4G,10,Wednesday,False,10
TXN0000000900,2024-05-23 05:35:00,P2P,Food,445,SUCCESS,Uttar Pradesh,HDFC,IndusInd,iOS,WiFi,5,Thursday,False,5
TXN0000000901,2024-01-29 16:14:00,P2P,Shopping,1748,SUCCESS,Delhi,HDFC,ICICI,Android,4G,16,Monday,False,16
TXN0000000902,2024-07-16 20:33:00,Bill Payment,Shopping,7738,SUCCESS,Uttar Pradesh,HDFC,SBI,Android,4G,20,Tuesday,False,20
TXN0000000903,2024-11-06 10:26:00,P2P,Transport,49,SUCCESS,Andhra Pradesh,HDFC,PNB,iOS,4G,10,Wednesday,False,10
TXN0000000904,2024-03-10 19:29:00,Recharge,Transport,72,SUCCESS,Andhra Pradesh,HDFC,PNB,Android,4G,19,Sunday,True,19
TXN0000000905,2024-10-29 16:08:00,P2M,Other,310,SUCCESS,Karnataka,HDFC,ICICI,Android,WiFi,16,Tuesday,False,16
TXN0000000906,2024-11-02 11:31:00,P2P,Food,103,SUCCESS,Rajasthan,SBI,IndusInd,Android,WiFi,11,Saturday,True,11
TXN0000000907,2024-07-07 21:31:00,Recharge,Food,238,SUCCESS,Karnataka,HDFC,PNB,Android,5G,21,Sunday,True,21
TXN0000000908,2024-07-06 09:10:00,P2P,Other,1225,SUCCESS,Karnataka,ICICI,Yes Bank,iOS,4G,9,Saturday,True,9
TXN0000000909,2024-01-08 18:13:00,P2M,Grocery,480,SUCCESS,Tamil Nadu,PNB,IndusInd,Android,4G,18,Monday,False,18
TXN0000000910,2024-09-22 12:26:00,P2P,Utilities,160,SUCCESS,Gujarat,Axis,SBI,Android,4G,12,Sunday,True,12
TXN0000000911,2024-01-12 18:48:00,P2M,Healthcare,640,SUCCESS,Karnataka,Kotak,Yes Bank,Android,WiFi,18,Friday,False,18
TXN0000000912,2024-07-15 06:25:00,P2P,Grocery,736,SUCCESS,Andhra Pradesh,ICICI,IndusInd,iOS,4G,6,Monday,False,6
TXN0000000913,2024-05-01 19:28:00,P2M,Fuel,3800,SUCCESS,Andhra Pradesh,Yes Bank,SBI,Android,WiFi,19,Wednesday,False,19
TXN0000000914,2024-09-27 08:46:00,Recharge,Grocery,396,SUCCESS,Uttar Pradesh,SBI,Axis,Android,4G,8,Friday,False,8
TXN0000000915,2024-12-01 18:01:00,Bill Payment,Other,1119,SUCCESS,Delhi,SBI,ICICI,Web,4G,18,Sunday,True,18
TXN0000000916,2024-03-27 17:53:00,P2M,Grocery,345,FAILED,Uttar Pradesh,ICICI,Axis,Android,5G,17,Wednesday,False,17
TXN0000000917,2024-10-29 10:34:00,P2M,Healthcare,194,SUCCESS,Maharashtra,Axis,PNB,iOS,4G,10,Tuesday,False,10
TXN0000000918,2024-09-07 21:47:00,P2M,Transport,187,SUCCESS,Karnataka,SBI,SBI,iOS,5G,21,Saturday,True,21
TXN0000000919,2024-10-24 07:32:00,P2M,Entertainment,363,SUCCESS,Gujarat,Axis,HDFC,Android,4G,7,Thursday,False,7
TXN0000000920,2024-02-15 16:29:00,P2M,Fuel,628,SUCCESS,Delhi,HDFC,ICICI,Android,WiFi,16,Thursday,False,16
TXN0000000921,2024-03-29 12:03:00,P2P,Utilities,125,SUCCESS,Andhra Pradesh,HDFC,PNB,iOS,4G,12,Friday,False,12
TXN0000000922,2024-06-22 13:40:00,P2P,Fuel,2202,SUCCESS,Maharashtra,SBI,Yes Bank,iOS,4G,13,Saturday,True,13
TXN0000000923,2024-01-28 02:14:00,P2P,Other,589,SUCCESS,Tamil Nadu,SBI,HDFC,Android,5G,2,Sunday,True,2
TXN0000000924,2024-09-07 10:45:00,P2M,Fuel,607,SUCCESS,Delhi,HDFC,SBI,Android,5G,10,Saturday,True,10
TXN0000000925,2024-10-03 18:02:00,P2M,Shopping,2158,SUCCESS,Rajasthan,PNB,ICICI,Android,4G,18,Thursday,False,18
TXN0000000926,2024-07-22 16:51:00,P2P,Grocery,1128,FAILED,Karnataka,PNB,HDFC,Android,4G,16,Monday,False,16
TXN0000000927,2024-01-17 11:38:00,Bill Payment,Entertainment,250,SUCCESS,Gujarat,ICICI,PNB,Android,4G,11,Wednesday,False,11
TXN0000000928,2024-04-15 09:00:00,P2M,Utilities,4123,SUCCESS,Telangana,IndusInd,Yes Bank,Android,WiFi,9,Monday,False,9
TXN0000000929,2024-01-15 19:44:00,P2P,Grocery,2121,SUCCESS,Uttar Pradesh,Axis,ICICI,Android,4G,19,Monday,False,19
TXN0000000930,2024-02-14 22:37:00,P2P,Food,173,SUCCESS,Delhi,Kotak,ICICI,Android,WiFi,22,Wednesday,False,22
TXN0000000931,2024-11-11 19:00:00,P2P,Education,2223,SUCCESS,Gujarat,HDFC,Kotak,iOS,4G,19,Monday,False,19
TXN0000000932,2024-01-22 11:10:00,P2P,Grocery,1354,SUCCESS,Uttar Pradesh,ICICI,SBI,Android,5G,11,Monday,False,11
TXN0000000933,2024-07-10 20:23:00,P2P,Food,766,SUCCESS,Rajasthan,ICICI,IndusInd,Android,5G,20,Wednesday,False,20
TXN0000000934,2024-03-27 11:08:00,P2P,Grocery,431,SUCCESS,Delhi,PNB,SBI,iOS,WiFi,11,Wednesday,False,11
TXN0000000935,2024-07-10 17:00:00,P2M,Grocery,1609,SUCCESS,Maharashtra,IndusInd,Axis,Android,5G,17,Wednesday,False,17
TXN0000000936,2024-01-14 08:54:00,Recharge,Utilities,735,SUCCESS,Tamil Nadu,Yes Bank,SBI,Android,5G,8,Sunday,True,8
TXN0000000937,2024-02-27 07:59:00,P2P,Grocery,2377,SUCCESS,Tamil Nadu,SBI,SBI,Android,4G,7,Tuesday,False,7
TXN0000000938,2024-12-21 21:36:00,P2M,Fuel,2186,SUCCESS,Uttar Pradesh,IndusInd,IndusInd,Android,4G,21,Saturday,True,21
TXN0000000939,2024-11-10 22:07:00,P2M,Utilities,3425,SUCCESS,Andhra Pradesh,Axis,SBI,iOS,5G,22,Sunday,True,22
TXN0000000940,2024-10-27 11:48:00,P2M,Utilities,5257,SUCCESS,Delhi,Yes Bank,HDFC,iOS,5G,11,Sunday,True,11
TXN0000000941,2024-03-05 11:56:00,P2P,Food,144,SUCCESS,Karnataka,Axis,SBI,Android,5G,11,Tuesday,False,11
TXN0000000942,2024-03-05 20:26:00,P2P,Education,4844,SUCCESS,Delhi,SBI,HDFC,Android,5G,20,Tuesday,False,20
TXN0000000943,2024-12-21 09:15:00,P2P,Utilities,2054,SUCCESS,Uttar Pradesh,SBI,HDFC,Android,4G,9,Saturday,True,9
TXN0000000944,2024-11-25 07:04:00,P2M,Healthcare,685,SUCCESS,Uttar Pradesh,HDFC,IndusInd,iOS,4G,7,Monday,False,7
TXN0000000945,2024-03-06 12:54:00,P2P,Grocery,286,SUCCESS,Karnataka,HDFC,IndusInd,Android,WiFi,12,Wednesday,False,12
TXN0000000946,2024-08-27 20:43:00,P2M,Food,620,SUCCESS,Gujarat,SBI,Kotak,Android,3G,20,Tuesday,False,20
TXN0000000947,2024-06-14 20:32:00,P2P,Transport,183,SUCCESS,Tamil Nadu,IndusInd,ICICI,Android,4G,20,Friday,False,20
TXN0000000948,2024-06-10 12:20:00,P2P,Shopping,11038,SUCCESS,Tamil Nadu,Kotak,ICICI,iOS,4G,12,Monday,False,12
TXN0000000949,2024-03-16 18:34:00,P2P,Food,821,SUCCESS,Karnataka,HDFC,Kotak,Android,4G,18,Saturday,True,18
TXN0000000950,2024-08-17 15:31:00,P2P,Utilities,987,SUCCESS,Uttar Pradesh,PNB,Yes Bank,iOS,4G,15,Saturday,True,15
TXN0000000951,2024-03-05 12:23:00,P2P,Utilities,2289,SUCCESS,Karnataka,PNB,HDFC,Android,4G,12,Tuesday,False,12
TXN0000000952,2024-04-17 19:27:00,P2M,Shopping,355,SUCCESS,Delhi,ICICI,HDFC,Android,4G,19,Wednesday,False,19
TXN0000000953,2024-07-11 17:50:00,P2P,Other,344,SUCCESS,Gujarat,SBI,Yes Bank,Web,4G,17,Thursday,False,17
TXN0000000954,2024-09-21 20:34:00,P2P,Utilities,3205,SUCCESS,Maharashtra,PNB,HDFC,iOS,4G,20,Saturday,True,20
TXN0000000955,2024-07-02 10:39:00,P2P,Shopping,524,SUCCESS,West Bengal,Axis,SBI,Android,4G,10,Tuesday,False,10
TXN0000000956,2024-03-06 17:32:00,P2P,Food,488,SUCCESS,Tamil Nadu,PNB,PNB,Android,5G,17,Wednesday,False,17
TXN0000000957,2024-04-02 19:41:00,P2M,Grocery,511,SUCCESS,Uttar Pradesh,IndusInd,HDFC,Android,4G,19,Tuesday,False,19
TXN0000000958,2024-10-21 12:42:00,P2P,Transport,380,SUCCESS,Andhra Pradesh,Kotak,SBI,iOS,5G,12,Monday,False,12
TXN0000000959,2024-01-04 20:49:00,P2P,Healthcare,864,SUCCESS,West Bengal,HDFC,HDFC,Web,WiFi,20,Thursday,False,20
TXN0000000960,2024-11-26 15:24:00,P2M,Entertainment,1253,SUCCESS,Gujarat,HDFC,HDFC,Android,4G,15,Tuesday,False,15
TXN0000000961,2024-12-28 13:26:00,Recharge,Shopping,518,SUCCESS,Uttar Pradesh,IndusInd,Yes Bank,Android,5G,13,Saturday,True,13
TXN0000000962,2024-07-27 14:16:00,Bill Payment,Grocery,486,SUCCESS,Uttar Pradesh,Yes Bank,PNB,Android,5G,14,Saturday,True,14
TXN0000000963,2024-05-20 17:52:00,P2M,Transport,664,SUCCESS,Uttar Pradesh,HDFC,HDFC,iOS,4G,17,Monday,False,17
TXN0000000964,2024-01-13 17:45:00,Bill Payment,Grocery,1006,SUCCESS,Tamil Nadu,HDFC,Yes Bank,Android,4G,17,Saturday,True,17
TXN0000000965,2024-01-28 13:16:00,P2P,Transport,637,SUCCESS,Uttar Pradesh,HDFC,SBI,Android,5G,13,Sunday,True,13
TXN0000000966,2024-06-29 16:06:00,P2P,Food,573,SUCCESS,Karnataka,SBI,PNB,Android,4G,16,Saturday,True,16
TXN0000000967,2024-12-17 16:34:00,P2M,Shopping,5736,SUCCESS,Maharashtra,SBI,SBI,Android,4G,16,Tuesday,False,16
TXN0000000968,2024-05-01 17:04:00,P2P,Fuel,527,SUCCESS,Andhra Pradesh,SBI,SBI,iOS,WiFi,17,Wednesday,False,17
TXN0000000969,2024-01-24 17:05:00,Bill Payment,Other,375,SUCCESS,Maharashtra,Kotak,PNB,Android,4G,17,Wednesday,False,17
TXN0000000970,2024-10-21 20:33:00,P2M,Entertainment,312,SUCCESS,Uttar Pradesh,Yes Bank,Yes Bank,Android,4G,20,Monday,False,20
TXN0000000971,2024-11-04 18:53:00,P2M,Fuel,515,SUCCESS,Delhi,ICICI,Axis,Android,4G,18,Monday,False,18
TXN0000000972,2024-12-28 13:55:00,Bill Payment,Utilities,444,SUCCESS,West Bengal,SBI,PNB,iOS,4G,13,Saturday,True,13
TXN0000000973,2024-11-28 12:21:00,P2P,Grocery,926,SUCCESS,Delhi,HDFC,Yes Bank,Android,4G,12,Thursday,False,12
TXN0000000974,2024-07-19 19:53:00,Bill Payment,Fuel,1676,FAILED,Karnataka,HDFC,ICICI,Android,4G,19,Friday,False,19
TXN0000000975,2024-10-29 22:52:00,P2P,Utilities,316,SUCCESS,Andhra Pradesh,Kotak,Kotak,Android,4G,22,Tuesday,False,22
TXN0000000976,2024-01-05 18:41:00,P2P,Fuel,709,SUCCESS,West Bengal,SBI,IndusInd,Web,4G,18,Friday,False,18
TXN0000000977,2024-02-24 11:09:00,P2P,Shopping,7121,SUCCESS,Uttar Pradesh,HDFC,SBI,Android,4G,11,Saturday,True,11
TXN0000000978,2024-08-20 19:08:00,P2M,Food,444,FAILED,Gujarat,SBI,SBI,iOS,WiFi,19,Tuesday,False,19
TXN0000000979,2024-12-04 21:03:00,P2P,Food,352,SUCCESS,Tamil Nadu,Yes Bank,SBI,Android,4G,21,Wednesday,False,21
TXN0000000980,2024-11-03 21:58:00,P2M,Transport,1533,SUCCESS,Telangana,Axis,PNB,Android,4G,21,Sunday,True,21
TXN0000000981,2024-03-28 19:57:00,P2P,Healthcare,271,SUCCESS,Uttar Pradesh,SBI,SBI,Android,5G,19,Thursday,False,19
TXN0000000982,2024-08-24 11:55:00,P2P,Education,4804,SUCCESS,Karnataka,Axis,Axis,iOS,5G,11,Saturday,True,11
TXN0000000983,2024-07-02 07:05:00,Bill Payment,Grocery,1508,SUCCESS,Uttar Pradesh,HDFC,HDFC,Android,4G,7,Tuesday,False,7
TXN0000000984,2024-06-08 16:08:00,P2P,Grocery,384,SUCCESS,Maharashtra,IndusInd,SBI,Android,5G,16,Saturday,True,16
TXN0000000985,2024-12-03 11:08:00,P2P,Shopping,1879,SUCCESS,Karnataka,IndusInd,HDFC,Android,4G,11,Tuesday,False,11
TXN0000000986,2024-09-23 18:28:00,P2M,Fuel,1313,SUCCESS,Maharashtra,ICICI,SBI,iOS,5G,18,Monday,False,18
TXN0000000987,2024-03-04 16:30:00,P2M,Fuel,583,SUCCESS,West Bengal,PNB,Yes Bank,Android,WiFi,16,Monday,False,16
TXN0000000988,2024-10-06 02:31:00,P2P,Grocery,424,SUCCESS,Maharashtra,Axis,Axis,Android,4G,2,Sunday,True,2
TXN0000000989,2024-03-09 02:48:00,Bill Payment,Entertainment,142,SUCCESS,Delhi,Yes Bank,Yes Bank,Android,4G,2,Saturday,True,2
TXN0000000990,2024-09-18 16:34:00,Recharge,Fuel,1053,SUCCESS,Telangana,Kotak,Yes Bank,iOS,4G,16,Wednesday,False,16
TXN0000000991,2024-07-17 06:44:00,Bill Payment,Entertainment,479,SUCCESS,Delhi,SBI,Yes Bank,Android,4G,6,Wednesday,False,6
TXN0000000992,2024-11-10 00:07:00,P2P,Grocery,717,SUCCESS,Uttar Pradesh,ICICI,SBI,Android,5G,0,Sunday,True,0
TXN0000000993,2024-01-10 18:24:00,P2M,Food,429,SUCCESS,Rajasthan,SBI,HDFC,Android,4G,18,Wednesday,False,18
TXN0000000994,2024-09-13 16:31:00,P2P,Grocery,1240,SUCCESS,Rajasthan,HDFC,Axis,Android,4G,16,Friday,False,16
TXN0000000995,2024-08-12 02:42:00,P2M,Shopping,3473,SUCCESS,Karnataka,SBI,SBI,iOS,4G,2,Monday,False,2
TXN0000000996,2024-04-18 21:01:00,Recharge,Entertainment,178,SUCCESS,Karnataka,Kotak,SBI,Android,4G,21,Thursday,False,21
TXN0000000997,2024-11-01 12:05:00,P2P,Transport,423,SUCCESS,Uttar Pradesh,ICICI,IndusInd,iOS,5G,12,Friday,False,12
TXN0000000998,2024-02-10 11:31:00,P2M,Other,2251,SUCCESS,Delhi,HDFC,Kotak,iOS,4G,11,Saturday,True,11
TXN0000000999,2024-10-17 17:18:00,P2P,Shopping,2594,SUCCESS,Telangana,IndusInd,SBI,iOS,4G,17,Thursday,False,17
